Level 3,Level 2,Level 1,le
Cá,Cá,Chăm sóc thú cưng,
Chim,Chim,Chăm sóc thú cưng,
Chó,Chó,Chăm sóc thú cưng,
Hamster,Hamster,Chăm sóc thú cưng,
Mèo,Mèo,Chăm sóc thú cưng,
Gà,Gà,Chăm sóc thú cưng,
Chăm sóc thú cưng khác,Chăm sóc thú cưng khác,Chăm sóc thú cưng,
Máy phục vụ công tác bê tông,Máy công nghiệp xây dựng,Công nghiệp xây dựng,"Trộn bê tông, máy bơm bê tông"
Máy gia công sắt thép,Máy công nghiệp xây dựng,Công nghiệp xây dựng,"máy hàn, máy cắt thép, máy uốn duỗi thép, máy cưa"
Máy làm đất,Máy công nghiệp xây dựng,Công nghiệp xây dựng,"máy ủi, máy xúc, máy đào, máy san, máy đầm"
Máy vận chuyển ngang,Máy công nghiệp xây dựng,Công nghiệp xây dựng,"Vận chuyển bằng đường bộ, đường thủy, đường không"
Máy vận chuyển liên tục,Máy công nghiệp xây dựng,Công nghiệp xây dựng,"Vận chuyển hàng hóa, vật liệu thành dòng liên tục: băng tải, vít tải"
Máy nâng chuyển,Máy công nghiệp xây dựng,Công nghiệp xây dựng,"Vật chuyên theo phương thằng: kích, tời, pa lăng, cần trục, cầu trục"
Máy làm đá,Máy công nghiệp xây dựng,Công nghiệp xây dựng,"Máy nghiền, máy sàng, máy rửa cắt đá"
Máy gia cố nền móng,Máy công nghiệp xây dựng,Công nghiệp xây dựng,"Máy đóng cọc, máy ép cọc, máy khoan cọc nhồi, máy cắm bấc thấm"
Máy phát lực,Máy công nghiệp xây dựng,Công nghiệp xây dựng,"Máy phát điện, máy ép khi"
Máy chuyên dụng cho từng ngành,Máy công nghiệp xây dựng,Công nghiệp xây dựng,"Máy đào kênh mương, máy rãi bê tông nhựa, máy phay đường nhựa, máy lap lắp dầm cầu, máy bơm công nghiệp"
Máy đo độ ẩm,Thiết bị đo lường,Công nghiệp xây dựng,
Máy đo độ dày mỏng,Thiết bị đo lường,Công nghiệp xây dựng,
Máy đo khoảng cách,Thiết bị đo lường,Công nghiệp xây dựng,
Máy đo nhiệt độ,Thiết bị đo lường,Công nghiệp xây dựng,
Máy đo nồng độ cồn,Thiết bị đo lường,Công nghiệp xây dựng,
Máy đo tốc độ,Thiết bị đo lường,Công nghiệp xây dựng,
Thiết bị đo lường khác,Thiết bị đo lường,Công nghiệp xây dựng,
"Xi măng, phụ gia cho xi măng và bê tông",Vật liệu xây dựng,Công nghiệp xây dựng,
Kính xây dựng,Vật liệu xây dựng,Công nghiệp xây dựng,
"Gạch, đá ốp lát",Vật liệu xây dựng,Công nghiệp xây dựng,
Cát xây dựng,Vật liệu xây dựng,Công nghiệp xây dựng,
Vật liệu xây,Vật liệu xây dựng,Công nghiệp xây dựng,
Thạch cao,Vật liệu xây dựng,Công nghiệp xây dựng,
"Ống nhựa, ống nước",Vật liệu xây dựng,Công nghiệp xây dựng,
"Tấm tôn, kim loại",Vật liệu xây dựng,Công nghiệp xây dựng,
Tấm sóng aminang xi măng,Vật liệu xây dựng,Công nghiệp xây dựng,
Dây điện,Vật liệu xây dựng,Công nghiệp xây dựng,
Vật liệu xây dựng khác,Vật liệu xây dựng,Công nghiệp xây dựng,
Công nghiệp xây dựng khác,Công nghiệp xây dựng khác,Công nghiệp xây dựng,
Dịch vụ kinh doanh,Dịch vụ kinh doanh,Dịch vụ,"kế toán, quảng cáo, nông nghiệp, kĩ sư, máy tính công nghệ, phát lý,... "
Dịch vụ truyền thông,Dịch vụ truyền thông,Dịch vụ,"truyền hình, viễn thông, chuyển thư"
Dịch vụ xây dựng và kỹ sư công trình,Dịch vụ xây dựng và kỹ sư công trình,Dịch vụ,"xây dựng, thiết kế, lắp đặt, hoàn thiện công trình"
Dịch vụ phân phối,Dịch vụ phân phối,Dịch vụ,"Bán buôn, bán lẻ, nhượng quyền kinh doanh,..."
Dịch vụ chăm sóc sức khỏe,Dịch vụ chăm sóc sức khỏe,Dịch vụ,"y tế, bệnh viện, dịch vụ xã hội"
Dịch vụ giáo dục,Dịch vụ giáo dục,Dịch vụ,giáo dục từ tiểu học tới sau đại học
Dịch vụ tài chính,Dịch vụ tài chính,Dịch vụ,"huy động tiết kiệm, phân bổ đầu tư, quản lý quỹ"
Dịch vụ môi trường,Dịch vụ môi trường,Dịch vụ,"nước, rác thải, vệ sinh, khí thải, tiếng ồn,..."
Dịch vụ du lịch,Dịch vụ du lịch,Dịch vụ,"khách sạn, nhà hàng, tour, hướng dẫn du lịch"
"Dịch vụ giải trí, thể thao","Dịch vụ giải trí, thể thao",Dịch vụ,"thể thao, bảo tàng, thư viện, báo chí"
Dịch vụ vận tải,Dịch vụ vận tải,Dịch vụ,"hàng không, đường bộ, đường sắt, hỗ trợ hậu cần"
Dịch vụ năng lượng,Dịch vụ năng lượng,Dịch vụ,"khai thác, phân phối năng lượng"
Dịch vụ khác,Dịch vụ khác,Dịch vụ,
Máy giặt + sấy và phụ kiện,"Thiết bị giặt ủi, chăm sóc quần áo",Thiết bị điện gia dụng,
Máy giặt lồng đôi và phụ kiện,"Thiết bị giặt ủi, chăm sóc quần áo",Thiết bị điện gia dụng,
Máy giặt cửa trên và phụ kiện,"Thiết bị giặt ủi, chăm sóc quần áo",Thiết bị điện gia dụng,
Máy giặt cửa trước và phụ kiện,"Thiết bị giặt ủi, chăm sóc quần áo",Thiết bị điện gia dụng,
Máy sấy quần áo và phụ kiện,"Thiết bị giặt ủi, chăm sóc quần áo",Thiết bị điện gia dụng,
Bàn ủi và phụ kiện,"Thiết bị giặt ủi, chăm sóc quần áo",Thiết bị điện gia dụng,
Tủ sấy quần áo và phụ kiện,"Thiết bị giặt ủi, chăm sóc quần áo",Thiết bị điện gia dụng,
"Máy cắt lông xù, hút bụi quần áo và phụ kiện","Thiết bị giặt ủi, chăm sóc quần áo",Thiết bị điện gia dụng,
Máy may và phụ kiện,"Thiết bị giặt ủi, chăm sóc quần áo",Thiết bị điện gia dụng,
"Thiết bị giặt ủi, chăm sóc quần áo khác khác","Thiết bị giặt ủi, chăm sóc quần áo",Thiết bị điện gia dụng,
Tủ lạnh và phụ kiện,Thiết bị nhà bếp,Thiết bị điện gia dụng,
Tủ đông và phụ kiện,Thiết bị nhà bếp,Thiết bị điện gia dụng,
Máy rửa bát và phụ kiện,Thiết bị nhà bếp,Thiết bị điện gia dụng,
Máy lọc nước và phụ kiện,Thiết bị nhà bếp,Thiết bị điện gia dụng,
Cây nước nóng lạnh và phụ kiện,Thiết bị nhà bếp,Thiết bị điện gia dụng,
Nồi cơm điện và phụ kiện,Thiết bị nhà bếp,Thiết bị điện gia dụng,
Nồi chiên và phụ kiện,Thiết bị nhà bếp,Thiết bị điện gia dụng,
Nồi lẩu điện và phụ kiện,Thiết bị nhà bếp,Thiết bị điện gia dụng,
Bếp hồng ngoại và phụ kiện,Thiết bị nhà bếp,Thiết bị điện gia dụng,
Bếp từ và phụ kiện,Thiết bị nhà bếp,Thiết bị điện gia dụng,
Bếp nướng và phụ kiện,Thiết bị nhà bếp,Thiết bị điện gia dụng,
Lò nướng và phụ kiện,Thiết bị nhà bếp,Thiết bị điện gia dụng,
Lò vi sóng và phụ kiện,Thiết bị nhà bếp,Thiết bị điện gia dụng,
Ấm đun siêu tốc và phụ kiện,Thiết bị nhà bếp,Thiết bị điện gia dụng,
Máy đánh trứng và phụ kiện,Thiết bị nhà bếp,Thiết bị điện gia dụng,
Máy làm tỏi đen và phụ kiện,Thiết bị nhà bếp,Thiết bị điện gia dụng,
Máy khử độc rau quả và phụ kiện,Thiết bị nhà bếp,Thiết bị điện gia dụng,
"Máy làm sữa chua, kem và phụ kiện",Thiết bị nhà bếp,Thiết bị điện gia dụng,
Máy làm sữa hạt và phụ kiện,Thiết bị nhà bếp,Thiết bị điện gia dụng,
Máy xay và phụ kiện,Thiết bị nhà bếp,Thiết bị điện gia dụng,
Máy ép và phụ kiện,Thiết bị nhà bếp,Thiết bị điện gia dụng,
Máy nướng bánh và phụ kiện,Thiết bị nhà bếp,Thiết bị điện gia dụng,
Máy pha cà phê và phụ kiện,Thiết bị nhà bếp,Thiết bị điện gia dụng,
Điện gia dụng nhà bếp khác,Thiết bị nhà bếp,Thiết bị điện gia dụng,
Máy cạo râu và phụ kiện,Thiết bị chăm sóc cá nhân,Thiết bị điện gia dụng,
Máy sấy tóc và phụ kiện,Thiết bị chăm sóc cá nhân,Thiết bị điện gia dụng,
Máy tạo kiểu tóc và phụ kiện,Thiết bị chăm sóc cá nhân,Thiết bị điện gia dụng,
Thiết bị chăm sóc cá nhân và phụ kiện khác,Thiết bị chăm sóc cá nhân,Thiết bị điện gia dụng,
Quạt cây và phụ kiện,"Điều hòa, làm sạch phòng",Thiết bị điện gia dụng,
Quạt trần và phụ kiện,"Điều hòa, làm sạch phòng",Thiết bị điện gia dụng,
Quạt treo tường và phụ kiện,"Điều hòa, làm sạch phòng",Thiết bị điện gia dụng,
Máy điều hòa độ ẩm phòng và phụ kiện,"Điều hòa, làm sạch phòng",Thiết bị điện gia dụng,
"Máy lạnh, điều hòa và phụ kiện","Điều hòa, làm sạch phòng",Thiết bị điện gia dụng,
Máy lọc không khí và phụ kiện,"Điều hòa, làm sạch phòng",Thiết bị điện gia dụng,
Máy sưởi và phụ kiện,"Điều hòa, làm sạch phòng",Thiết bị điện gia dụng,
Máy hút mùi và phụ kiện,"Điều hòa, làm sạch phòng",Thiết bị điện gia dụng,
Máy hút bụi và phụ kiện,"Điều hòa, làm sạch phòng",Thiết bị điện gia dụng,
Bình nước nóng và phụ kiện,"Điều hòa, làm sạch phòng",Thiết bị điện gia dụng,
"Thiết bị điều hòa, làm sạch phòng và phụ kiện khác","Điều hòa, làm sạch phòng",Thiết bị điện gia dụng,
Máy hút chân không và phụ kiện,Thiết bị điện gia dụng khác,Thiết bị điện gia dụng,
Máy quét mã vạch và phụ kiện,Thiết bị điện gia dụng khác,Thiết bị điện gia dụng,
Máy khoan và phụ kiện,Thiết bị điện gia dụng khác,Thiết bị điện gia dụng,
Máy bơm và phụ kiện,Thiết bị điện gia dụng khác,Thiết bị điện gia dụng,
Máy phát điện và phụ kiện,Thiết bị điện gia dụng khác,Thiết bị điện gia dụng,
Thiết bị điện gia dụng khác,Thiết bị điện gia dụng khác,Thiết bị điện gia dụng,
Điện thoại,Điện thoại,Điện thoại - Máy tính bảng,
Ốp lưng điện thoại,Phụ kiện điện thoại,Điện thoại - Máy tính bảng,
"Sạc điện thoại, máy tính bảng",Phụ kiện điện thoại,Điện thoại - Máy tính bảng,
Sim & thẻ cào,Phụ kiện điện thoại,Điện thoại - Máy tính bảng,
Pin sạc dự phòng,Phụ kiện điện thoại,Điện thoại - Máy tính bảng,
Miếng dán màn hình điện thoại,Phụ kiện điện thoại,Điện thoại - Máy tính bảng,
Linh kiện điện thoại,Phụ kiện điện thoại,Điện thoại - Máy tính bảng,"bao gồm pin, màn hình, cảm ứng, link kiện bên trong"
Phụ kiện điện thoại khác,Phụ kiện điện thoại,Điện thoại - Máy tính bảng,
Máy tính bảng,Máy tính bảng,Điện thoại - Máy tính bảng,
Ốp lưng máy tính bảng,Phụ kiện máy tính bảng,Điện thoại - Máy tính bảng,
Miếng dán màn hình máy tính bảng,Phụ kiện máy tính bảng,Điện thoại - Máy tính bảng,
Bàn phím máy tính bảng,Phụ kiện máy tính bảng,Điện thoại - Máy tính bảng,
Linh kiện máy tính bảng,Phụ kiện máy tính bảng,Điện thoại - Máy tính bảng,"bao gồm pin, màn hình, cảm ứng, link kiện bên trong"
Phụ kiện máy tính bảng khác,Phụ kiện máy tính bảng,Điện thoại - Máy tính bảng,
Lắp ghép sáng tạo,"Lắp ghép, Xếp hình",Đồ chơi,
"Xếp hình tranh, mô hình","Lắp ghép, Xếp hình",Đồ chơi,
Xếp hình khác,"Lắp ghép, Xếp hình",Đồ chơi,
Tàu điều khiển,Đồ chơi điều khiển,Đồ chơi,
May bay điều khiển,Đồ chơi điều khiển,Đồ chơi,
Xe điều khiển,Đồ chơi điều khiển,Đồ chơi,
Đồ chơi điều khiển khác,Đồ chơi điều khiển,Đồ chơi,
Mô hình nhà cửa,Mô hình đồ chơi,Đồ chơi,"mô hình giấy, bông, hơi, nhựa,..."
Mô hình phương tiện,Mô hình đồ chơi,Đồ chơi,"ô tô, máy bay, tàu thủy, xe đạp, xe máy, xe tăng, ..."
Mô hình nhân vật,Mô hình đồ chơi,Đồ chơi,"búp bê, siêu nhân, nhân vật manga giấy 3D"
Mô hình con vật,Mô hình đồ chơi,Đồ chơi,"thú bông, thú hơi, thú nhựa"
Mô hình đồ chơi khác,Mô hình đồ chơi,Đồ chơi,
Hướng nghiệp nhập vai,Đồ chơi giáo dục,Đồ chơi,
Bảng vẽ,Đồ chơi giáo dục,Đồ chơi,
Bảng số,Đồ chơi giáo dục,Đồ chơi,
Thẻ flashcard,Đồ chơi giáo dục,Đồ chơi,
Sách vải,Đồ chơi giáo dục,Đồ chơi,
Nhạc cụ,Đồ chơi giáo dục,Đồ chơi,
Đồ chơi giáo dục khác,Đồ chơi giáo dục,Đồ chơi,
Mặt nạ,"Hóa trang, cosplay",Đồ chơi,
Trang phục,"Hóa trang, cosplay",Đồ chơi,
Hóa trang khác,"Hóa trang, cosplay",Đồ chơi,
Board game,Board game,Đồ chơi,
Diều & chong chóng,Đồ chơi vận động cho bé,Đồ chơi,
Đồ chơi hồ bơi,Đồ chơi vận động cho bé,Đồ chơi,
Nhà chơi,Đồ chơi vận động cho bé,Đồ chơi,
Trò chơi sân cỏ,Đồ chơi vận động cho bé,Đồ chơi,
Xe đạp trẻ em,Đồ chơi vận động cho bé,Đồ chơi,
Xe scooter,Đồ chơi vận động cho bé,Đồ chơi,
Ván trượt,Đồ chơi vận động cho bé,Đồ chơi,
Xe lắc,Đồ chơi vận động cho bé,Đồ chơi,
Thú nhún,Đồ chơi vận động cho bé,Đồ chơi,
Giày trượt patin,Đồ chơi vận động cho bé,Đồ chơi,
Bóng,Đồ chơi vận động cho bé,Đồ chơi,
Súng đồ chơi,Đồ chơi vận động cho bé,Đồ chơi,
Đồ chơi đồ hàng,Đồ chơi vận động cho bé,Đồ chơi,
Đồ chơi vận động khác,Đồ chơi vận động cho bé,Đồ chơi,
Đồ chơi khác,Đồ chơi khác,Đồ chơi,
"Chảo, chảo chống dính",Đồ dùng phòng bếp,Đồ gia dụng,
"Nồi, bộ nồi và phụ kiện",Đồ dùng phòng bếp,Đồ gia dụng,
"Bếp gas, bếp lò",Đồ dùng phòng bếp,Đồ gia dụng,
Hộp + Thùng đựng thực phẩm,Đồ dùng phòng bếp,Đồ gia dụng,
"Túi, màng đựng thực phẩm",Đồ dùng phòng bếp,Đồ gia dụng,
"Hũ, lọ đựng gia vị",Đồ dùng phòng bếp,Đồ gia dụng,
"Thau, rổ vệ sinh nhà bếp",Đồ dùng phòng bếp,Đồ gia dụng,
Dao và phụ kiện,Đồ dùng phòng bếp,Đồ gia dụng,
"Dụng cụ cắt, gọt, bào",Đồ dùng phòng bếp,Đồ gia dụng,
Kéo nhà bếp,Đồ dùng phòng bếp,Đồ gia dụng,
Thớt nhà bếp,Đồ dùng phòng bếp,Đồ gia dụng,
"Khuôn làm bánh, kem, đá",Đồ dùng phòng bếp,Đồ gia dụng,
Dụng cụ đo lường nhà bếp,Đồ dùng phòng bếp,Đồ gia dụng,"cân thực phẩm, ly đo lượng nước"
Dụng cụ làm bánh khác,Đồ dùng phòng bếp,Đồ gia dụng,
Bao tay dùng một lần,Đồ dùng phòng bếp,Đồ gia dụng,
Tạp dề,Đồ dùng phòng bếp,Đồ gia dụng,
Găng tay nhà bếp,Đồ dùng phòng bếp,Đồ gia dụng,
Dụng cụ mở nắp,Đồ dùng phòng bếp,Đồ gia dụng,
"Dụng cụ xay, giã",Đồ dùng phòng bếp,Đồ gia dụng,
"Dụng cụ ép trái cây, vắt cam",Đồ dùng phòng bếp,Đồ gia dụng,
Kẹp gắp,Đồ dùng phòng bếp,Đồ gia dụng,
"Vá, sạn, vợt",Đồ dùng phòng bếp,Đồ gia dụng,
Ống đũa,Đồ dùng phòng bếp,Đồ gia dụng,
Chậu rửa chén bát,Đồ dùng phòng bếp,Đồ gia dụng,
Nước rửa chén,Đồ dùng phòng bếp,Đồ gia dụng,
Đồ dùng phòng bếp khác,Đồ dùng phòng bếp,Đồ gia dụng,
Bình đựng nước,Đồ dùng phòng ăn,Đồ gia dụng,
Ca đựng nước,Đồ dùng phòng ăn,Đồ gia dụng,
Bình lọc nước và phụ kiện,Đồ dùng phòng ăn,Đồ gia dụng,
"Bình, ấm, đồ dùng uống trà",Đồ dùng phòng ăn,Đồ gia dụng,
Cốc,Đồ dùng phòng ăn,Đồ gia dụng,
Ống hút,Đồ dùng phòng ăn,Đồ gia dụng,
Ly,Đồ dùng phòng ăn,Đồ gia dụng,ly nhỏ uống rượu hoặc ly rượu vang
"Tô, chén. đĩa",Đồ dùng phòng ăn,Đồ gia dụng,
"Đũa, muỗng, nĩa",Đồ dùng phòng ăn,Đồ gia dụng,
"Khăn, trải bàn",Đồ dùng phòng ăn,Đồ gia dụng,
Khay,Đồ dùng phòng ăn,Đồ gia dụng,
Dụng cụ pha chế,Đồ dùng phòng ăn,Đồ gia dụng,
Gạt tàn,Đồ dùng phòng ăn,Đồ gia dụng,
"Muỗng, đũa, nĩa, dao dùng một lần",Đồ dùng phòng ăn,Đồ gia dụng,
Ly dùng một lần,Đồ dùng phòng ăn,Đồ gia dụng,
Chén đĩa dùng một lần,Đồ dùng phòng ăn,Đồ gia dụng,
Khăn giấy ăn,Đồ dùng phòng ăn,Đồ gia dụng,
Đồ dùng phòng ăn khác,Đồ dùng phòng ăn,Đồ gia dụng,
"Chăn, mền và phụ kiện",Đồ dùng phòng ngủ,Đồ gia dụng,
Gối và phụ kiện,Đồ dùng phòng ngủ,Đồ gia dụng,
"Đệm, nệm và phụ kiện",Đồ dùng phòng ngủ,Đồ gia dụng,
Chiếu,Đồ dùng phòng ngủ,Đồ gia dụng,
"Võng, phụ kiện võng",Đồ dùng phòng ngủ,Đồ gia dụng,
"Mùng, màn",Đồ dùng phòng ngủ,Đồ gia dụng,
Đồ dùng phòng ngủ khác,Đồ dùng phòng ngủ,Đồ gia dụng,
Khăn,Đồ dùng nhà tắm,Đồ gia dụng,
"Quần áo, Dép nhà tắm",Đồ dùng nhà tắm,Đồ gia dụng,
"Móc treo, kẹp quần áo",Đồ dùng nhà tắm,Đồ gia dụng,
"Thau, chậu, ca nước nhà tắm",Đồ dùng nhà tắm,Đồ gia dụng,
"Nước giặt, nước xả",Đồ dùng nhà tắm,Đồ gia dụng,
Nước tẩy giặt ủi,Đồ dùng nhà tắm,Đồ gia dụng,
Thảm chùi chân,Đồ dùng nhà tắm,Đồ gia dụng,
Rèm phòng tắm,Đồ dùng nhà tắm,Đồ gia dụng,
Miếng lót bồn cầu,Đồ dùng nhà tắm,Đồ gia dụng,
Ghế nhà tắm,Đồ dùng nhà tắm,Đồ gia dụng,
Dung dịch vệ sinh nhà tắm,Đồ dùng nhà tắm,Đồ gia dụng,
Đồ dùng nhà tắm khác,Đồ dùng nhà tắm,Đồ gia dụng,
"Chổi quét nhà, lau nhà",Dụng cụ vệ sinh nhà cửa,Đồ gia dụng,"Các loại chổi quét nhà, lau nhà, quét sân, quét nước,.."
"Đồ hốt rác, ky rác",Dụng cụ vệ sinh nhà cửa,Đồ gia dụng,
"Bàn chải, dụng cụ thông tắc, cọ rửa",Dụng cụ vệ sinh nhà cửa,Đồ gia dụng,
"Miếng rửa chén, chà nồi",Dụng cụ vệ sinh nhà cửa,Đồ gia dụng,
Khăn lau đa năng,Dụng cụ vệ sinh nhà cửa,Đồ gia dụng,
Găng tay vệ sinh,Dụng cụ vệ sinh nhà cửa,Đồ gia dụng,
Túi đựng rác,Dụng cụ vệ sinh nhà cửa,Đồ gia dụng,
Cây lau kính,Dụng cụ vệ sinh nhà cửa,Đồ gia dụng,
Thùng rác,Dụng cụ vệ sinh nhà cửa,Đồ gia dụng,
Dụng cụ vệ sinh nhà cửa khác,Dụng cụ vệ sinh nhà cửa,Đồ gia dụng,
Bóng đèn,Thiết bị chiếu sáng,Đồ gia dụng,
Phụ kiện đèn,Thiết bị chiếu sáng,Đồ gia dụng,
Thiết bị chiếu sáng khác,Thiết bị chiếu sáng,Đồ gia dụng,
Bộ đồ thờ,Đồ thờ cúng,Đồ gia dụng,
"Bát hương, bát nhang, cốc nước thờ",Đồ thờ cúng,Đồ gia dụng,
Lư trầm,Đồ thờ cúng,Đồ gia dụng,
Đèn thờ dầu,Đồ thờ cúng,Đồ gia dụng,
"Chuông, mõ thờ",Đồ thờ cúng,Đồ gia dụng,
"Hạc, đỉnh đồng",Đồ thờ cúng,Đồ gia dụng,
Bàn thờ,Đồ thờ cúng,Đồ gia dụng,
"Hương, nhang, nến thờ",Đồ thờ cúng,Đồ gia dụng,
Hàng mã,Đồ thờ cúng,Đồ gia dụng,
Đồ thờ cúng khác,Đồ thờ cúng,Đồ gia dụng,
Tỳ hưu phong thủy,Vật phẩm phong thủy,Đồ gia dụng,
Thiềm thừ phong thủy,Vật phẩm phong thủy,Đồ gia dụng,
Bộ 12 con giáp,Vật phẩm phong thủy,Đồ gia dụng,
Tượng Phật,Vật phẩm phong thủy,Đồ gia dụng,
Linh vật phong thủy khác,Vật phẩm phong thủy,Đồ gia dụng,
Cây phong thủy,Vật phẩm phong thủy,Đồ gia dụng,
"Tiền hoa mai, đồng xu, tiền cổ",Vật phẩm phong thủy,Đồ gia dụng,
"Gương bát quái, La bàn",Vật phẩm phong thủy,Đồ gia dụng,
"Đá quý, đá phong thủy",Vật phẩm phong thủy,Đồ gia dụng,
Vật phẩm phong thủy khác,Vật phẩm phong thủy,Đồ gia dụng,
Vợt muỗi,"Dụng cụ diệt chuột, côn trùng",Đồ gia dụng,
Đèn diệt côn trùng,"Dụng cụ diệt chuột, côn trùng",Đồ gia dụng,
Dụng cụ diệt côn trùng khác,"Dụng cụ diệt chuột, côn trùng",Đồ gia dụng,
Đồng hồ để bàn,Trang trí nhà cửa,Đồ gia dụng,
Đồng hồ treo tường,Trang trí nhà cửa,Đồ gia dụng,
Decal,Trang trí nhà cửa,Đồ gia dụng,
Giấy dán tường,Trang trí nhà cửa,Đồ gia dụng,
Giấy dán kính,Trang trí nhà cửa,Đồ gia dụng,
"Cây, hoa trang trí",Trang trí nhà cửa,Đồ gia dụng,
"Móc treo, móc dán tường",Trang trí nhà cửa,Đồ gia dụng,
Tranh trang trí,Trang trí nhà cửa,Đồ gia dụng,
Nến trang trí,Trang trí nhà cửa,Đồ gia dụng,
Đồ đốt tinh dầu,Trang trí nhà cửa,Đồ gia dụng,
"Lọ, Bình hoa trang trí",Trang trí nhà cửa,Đồ gia dụng,
Trang trí nhà cửa khác,Trang trí nhà cửa,Đồ gia dụng,
Đồ bảo hộ lao động,Sửa chữa nhà cửa,Đồ gia dụng,
"Sơn, dầu mỡ, hóa chất",Sửa chữa nhà cửa,Đồ gia dụng,
Bộ dụng cụ đa năng,Sửa chữa nhà cửa,Đồ gia dụng,
Búa các loại,Sửa chữa nhà cửa,Đồ gia dụng,
"Cờ lê, mỏ lết",Sửa chữa nhà cửa,Đồ gia dụng,
"Cưa gỗ, cưa sắt",Sửa chữa nhà cửa,Đồ gia dụng,
Thang nhôm,Sửa chữa nhà cửa,Đồ gia dụng,
Dũa các loại,Sửa chữa nhà cửa,Đồ gia dụng,
"Kiềm, kềm",Sửa chữa nhà cửa,Đồ gia dụng,
Thước đo các loại,Sửa chữa nhà cửa,Đồ gia dụng,
"Thùng đồ nghề, túi công cụ",Sửa chữa nhà cửa,Đồ gia dụng,
Súng bắn keo,Sửa chữa nhà cửa,Đồ gia dụng,
Cây lăn - Súng phun sơn,Sửa chữa nhà cửa,Đồ gia dụng,
"Palang, ròng rọc, con đội",Sửa chữa nhà cửa,Đồ gia dụng,
"Ron, miếng dán khe cửa, chân cửa",Sửa chữa nhà cửa,Đồ gia dụng,
Tua vít,Sửa chữa nhà cửa,Đồ gia dụng,
"Đinh, vít, nở",Sửa chữa nhà cửa,Đồ gia dụng,
Cảo,Sửa chữa nhà cửa,Đồ gia dụng,
Dụng cụ sửa chữa khác,Sửa chữa nhà cửa,Đồ gia dụng,
Vải,"Đồ dệt, may, thêu",Đồ gia dụng,
Len,"Đồ dệt, may, thêu",Đồ gia dụng,
Bông may mặc,"Đồ dệt, may, thêu",Đồ gia dụng,
"Phụ kiện dệt, may, thêu","Đồ dệt, may, thêu",Đồ gia dụng,
"Đồ dệt, may, thêu khác","Đồ dệt, may, thêu",Đồ gia dụng,
Đồ gia dụng khác,Đồ gia dụng khác,Đồ gia dụng,
Laptop,Laptop,"Laptop, máy tính & thiết bị văn phòng",
Ổ đĩa cứng laptop,Linh phụ kiện laptop,"Laptop, máy tính & thiết bị văn phòng",
Pin laptop,Linh phụ kiện laptop,"Laptop, máy tính & thiết bị văn phòng",
Sạc Laptop,Linh phụ kiện laptop,"Laptop, máy tính & thiết bị văn phòng",
Màn hình laptop,Linh phụ kiện laptop,"Laptop, máy tính & thiết bị văn phòng",
Bàn phím laptop,Linh phụ kiện laptop,"Laptop, máy tính & thiết bị văn phòng",
Đế tản nhiệt laptop,Linh phụ kiện laptop,"Laptop, máy tính & thiết bị văn phòng",
Linh phụ kiện laptop khác,Linh phụ kiện laptop,"Laptop, máy tính & thiết bị văn phòng",
Máy tính để bàn,Máy tính để bàn,"Laptop, máy tính & thiết bị văn phòng",
Máy tính All in one,Máy tính All in one,"Laptop, máy tính & thiết bị văn phòng",
Máy tính mini,Máy tính mini,"Laptop, máy tính & thiết bị văn phòng",
Máy chủ - Server,Máy chủ - Server,"Laptop, máy tính & thiết bị văn phòng",
Máy trạm Workstation,Máy trạm Workstation,"Laptop, máy tính & thiết bị văn phòng",
Bộ vi xử lý - Chip,Linh kiện PC & Máy chủ,"Laptop, máy tính & thiết bị văn phòng",
Bo mạch chủ - Mainboard,Linh kiện PC & Máy chủ,"Laptop, máy tính & thiết bị văn phòng",
Ram,Linh kiện PC & Máy chủ,"Laptop, máy tính & thiết bị văn phòng",
Card màn hình,Linh kiện PC & Máy chủ,"Laptop, máy tính & thiết bị văn phòng",
Nguồn PC,Linh kiện PC & Máy chủ,"Laptop, máy tính & thiết bị văn phòng",
Ổ cứng HDD,Linh kiện PC & Máy chủ,"Laptop, máy tính & thiết bị văn phòng",
Ổ cứng SSD,Linh kiện PC & Máy chủ,"Laptop, máy tính & thiết bị văn phòng",
Vỏ case,Linh kiện PC & Máy chủ,"Laptop, máy tính & thiết bị văn phòng",
Ổ đĩa quang,Linh kiện PC & Máy chủ,"Laptop, máy tính & thiết bị văn phòng",
Chuột,Linh kiện PC & Máy chủ,"Laptop, máy tính & thiết bị văn phòng",
Bàn phím,Linh kiện PC & Máy chủ,"Laptop, máy tính & thiết bị văn phòng",
Webcam,Linh kiện PC & Máy chủ,"Laptop, máy tính & thiết bị văn phòng",
Bảng vẽ điện tử,Linh kiện PC & Máy chủ,"Laptop, máy tính & thiết bị văn phòng",
Dây HDMI,Linh kiện PC & Máy chủ,"Laptop, máy tính & thiết bị văn phòng",
Màn hình,Linh kiện PC & Máy chủ,"Laptop, máy tính & thiết bị văn phòng",
Linh kiện PC & Máy chủ khác,Linh kiện PC & Máy chủ,"Laptop, máy tính & thiết bị văn phòng",
Máy in và phụ kiện,Thiết bị văn phòng,"Laptop, máy tính & thiết bị văn phòng",
Máy scan và phụ kiện,Thiết bị văn phòng,"Laptop, máy tính & thiết bị văn phòng",
Máy fax và phụ kiện,Thiết bị văn phòng,"Laptop, máy tính & thiết bị văn phòng",
Máy photocopy và phụ kiện,Thiết bị văn phòng,"Laptop, máy tính & thiết bị văn phòng",
Máy chiếu và phụ kiện,Thiết bị văn phòng,"Laptop, máy tính & thiết bị văn phòng",
Mực in,Thiết bị văn phòng,"Laptop, máy tính & thiết bị văn phòng",
Giấy in,Thiết bị văn phòng,"Laptop, máy tính & thiết bị văn phòng",
Máy hủy tài liệu và phụ kiện,Thiết bị văn phòng,"Laptop, máy tính & thiết bị văn phòng",
Máy chấm công và phụ kiện,Thiết bị văn phòng,"Laptop, máy tính & thiết bị văn phòng",
Phần mềm máy tính và phụ kiện,Thiết bị văn phòng,"Laptop, máy tính & thiết bị văn phòng",
Điện thoại cố định và phụ kiện,Thiết bị văn phòng,"Laptop, máy tính & thiết bị văn phòng",
Bộ đàm và phụ kiện,Thiết bị văn phòng,"Laptop, máy tính & thiết bị văn phòng",
Máy ép nhựa và phụ kiện,Thiết bị văn phòng,"Laptop, máy tính & thiết bị văn phòng",
Thiết bị văn phòng khác,Thiết bị văn phòng,"Laptop, máy tính & thiết bị văn phòng",
Camera an ninh và phụ kiện,Camera an ninh,Máy ảnh - máy quay,
Máy quay,Máy quay hành trình,Máy ảnh - máy quay,
Máy quay phim,Máy quay phim,Máy ảnh - máy quay,
Máy chụp ảnh lấy ngay,Máy ảnh chụp lấy ngay,Máy ảnh - máy quay,
Máy ảnh Compact,Máy ảnh Compact,Máy ảnh - máy quay,
Máy ảnh DSLR,Máy ảnh DSLR,Máy ảnh - máy quay,
Máy ảnh Mirrorless,Máy ảnh Mirrorless,Máy ảnh - máy quay,
Ống kính,Ống kính,Máy ảnh - máy quay,
Chân máy ảnh,"Phụ kiện máy ảnh, máy quay",Máy ảnh - máy quay,
Dây bấm mềm,"Phụ kiện máy ảnh, máy quay",Máy ảnh - máy quay,
"Dây đeo máy ảnh, máy quay","Phụ kiện máy ảnh, máy quay",Máy ảnh - máy quay,
Đèn flash,"Phụ kiện máy ảnh, máy quay",Máy ảnh - máy quay,
Kính lọc,"Phụ kiện máy ảnh, máy quay",Máy ảnh - máy quay,
Nắp ống kính,"Phụ kiện máy ảnh, máy quay",Máy ảnh - máy quay,
Ống nhòm,"Phụ kiện máy ảnh, máy quay",Máy ảnh - máy quay,
"Pin máy ảnh, máy quay","Phụ kiện máy ảnh, máy quay",Máy ảnh - máy quay,
"Sạc máy ảnh, máy quay","Phụ kiện máy ảnh, máy quay",Máy ảnh - máy quay,
Thiết bị vệ sinh ống kính,"Phụ kiện máy ảnh, máy quay",Máy ảnh - máy quay,
Tủ chống ẩm,"Phụ kiện máy ảnh, máy quay",Máy ảnh - máy quay,
Tủi - bao da,"Phụ kiện máy ảnh, máy quay",Máy ảnh - máy quay,
"Máy hút ẩm dành cho máy ảnh, máy quay phim","Phụ kiện máy ảnh, máy quay",Máy ảnh - máy quay,
"Phụ kiện máy ảnh, máy quay khác","Phụ kiện máy ảnh, máy quay",Máy ảnh - máy quay,
Máy ảnh - máy quay phim khác,Máy ảnh - máy quay phim khác,Máy ảnh - máy quay,
Tã quần,Bỉm - Tã,Mẹ và bé,
Tã giấy,Bỉm - Tã,Mẹ và bé,
Tã vải,Bỉm - Tã,Mẹ và bé,
Tã dán,Bỉm - Tã,Mẹ và bé,
Miếng lót sơ sinh,Bỉm - Tã,Mẹ và bé,
Bỉm - Tã khác,Bỉm - Tã,Mẹ và bé,
Sữa cho bé,Dinh dưỡng cho bé,Mẹ và bé,Sữa dành cho trẻ từ 1 tháng tuổi tới 6 tuổi
Bột ăn dặm,Dinh dưỡng cho bé,Mẹ và bé,
Vitamins cho bé,Dinh dưỡng cho bé,Mẹ và bé,
Thức uống cho bé,Dinh dưỡng cho bé,Mẹ và bé,
Bánh ăn dặm,Dinh dưỡng cho bé,Mẹ và bé,
Dầu ăn cho bé,Dinh dưỡng cho bé,Mẹ và bé,
Dinh dưỡng cho bé khác,Dinh dưỡng cho bé,Mẹ và bé,
Thực phẩm bổ sung cho mẹ bầu và sau sinh,Dinh dưỡng cho mẹ,Mẹ và bé,
Dinh dưỡng cho mẹ khác,Dinh dưỡng cho mẹ,Mẹ và bé,
Đồ dùng ăn uống,Đồ dùng cho bé,Mẹ và bé,"Khăn ăn, yếm, ti giả, bình sữa, ..."
Đồ dùng vệ sinh,Đồ dùng cho bé,Mẹ và bé,"Vệ sinh cho bé, đồ dùng khác của bé"
Đồ dùng phòng ngủ,Đồ dùng cho bé,Mẹ và bé,"chăn, gối, mền, cũi, trang trí,..."
Xe và ghế,Đồ dùng cho bé,Mẹ và bé,
Địu và đai,Đồ dùng cho bé,Mẹ và bé,
Đồ dùng cho bé khác,Đồ dùng cho bé,Mẹ và bé,
Máy hút sữa và Túi chứa sữa,Đồ dùng cho mẹ,Mẹ và bé,
Đai bụng bầu,Đồ dùng cho mẹ,Mẹ và bé,
Đồ dùng cho mẹ bầu khác,Đồ dùng cho mẹ,Mẹ và bé,
Đồ bầu mặc nhà,Thời trang cho mẹ,Mẹ và bé,
Đồ bầu công sở,Thời trang cho mẹ,Mẹ và bé,
Thời trang cho mẹ khác,Thời trang cho mẹ,Mẹ và bé,Trong quá trình mang bầu và sau sinh 6 tháng
Quần áo sơ sinh,Thời trang sơ sinh,Mẹ và bé,Trẻ sơ sinh là từ 1 tháng tới 12 tháng
Phụ kiện thời trang sơ sinh,Thời trang sơ sinh,Mẹ và bé,Trẻ sơ sinh là từ 1 tháng tới 12 tháng
Thời trang sơ sinh khác,Thời trang sơ sinh,Mẹ và bé,Trẻ sơ sinh là từ 1 tháng tới 12 tháng
Bàn ghế phòng ăn,Nột thất bếp và phòng ăn,Nội thất,
"Kệ, tủ đựng chén bát",Nột thất bếp và phòng ăn,Nội thất,
"Kệ, tủ rượu",Nột thất bếp và phòng ăn,Nội thất,
"Kệ, tủ gia vị",Nột thất bếp và phòng ăn,Nội thất,
"Nội thất phòng bếp, phòng ăn khác",Nột thất bếp và phòng ăn,Nội thất,
Sofa và Salon,Nội thất phòng khách,Nội thất,
Bàn phòng khách,Nội thất phòng khách,Nội thất,
Ghế phòng khách,Nội thất phòng khách,Nội thất,
Kệ-Tủ phòng khách,Nội thất phòng khách,Nội thất,
Nội thất phòng khách khác,Nội thất phòng khách,Nội thất,
Bàn trang điểm,Nội thất phòng ngủ,Nội thất,
Ghế trang điểm,Nội thất phòng ngủ,Nội thất,
Gường ngủ,Nội thất phòng ngủ,Nội thất,
Tủ quần áo,Nội thất phòng ngủ,Nội thất,
Gương,Nội thất phòng ngủ,Nội thất,
Két sắt,Nội thất phòng ngủ,Nội thất,
Tủ đầu giường,Nội thất phòng ngủ,Nội thất,
"Tủ, khay đựng đồ phòng ngủ",Nội thất phòng ngủ,Nội thất,
Nội thất phòng ngủ khác,Nội thất phòng ngủ,Nội thất,
Van các loại,Nội thất phòng tắm,Nội thất,"van nước, van giảm áp, van chia áp"
Vòi sen,Nội thất phòng tắm,Nội thất,
Vòi nước,Nội thất phòng tắm,Nội thất,
Vòi xịt vệ sinh,Nội thất phòng tắm,Nội thất,
Bồn cầu,Nội thất phòng tắm,Nội thất,
Lavabo,Nội thất phòng tắm,Nội thất,
Thoát sàn,Nội thất phòng tắm,Nội thất,
Bidet,Nội thất phòng tắm,Nội thất,
Thiết bị phòng tắm khác,Nội thất phòng tắm,Nội thất,
Bàn văn phòng,Nội thất văn phòng,Nội thất,
Ghế văn phòng,Nội thất văn phòng,Nội thất,
Giá sách,Nội thất văn phòng,Nội thất,
Tủ đựng tài liệu,Nội thất văn phòng,Nội thất,
Nội thất văn phòng khác,Nội thất văn phòng,Nội thất,
Chuông báo,Bảo vệ nhà cửa,Nội thất,
"Ổ khóa, chìa khóa",Bảo vệ nhà cửa,Nội thất,
Khóa cửa thông minh,Bảo vệ nhà cửa,Nội thất,
Bảo vệ nhà cửa khác,Bảo vệ nhà cửa,Nội thất,
Ổn áp biến áp,Phụ kiện điện gia dụng,Nội thất,
Ổ cắm điện,Phụ kiện điện gia dụng,Nội thất,
Phích cắm điện,Phụ kiện điện gia dụng,Nội thất,
Phụ kiện điện gia dụng khác,Phụ kiện điện gia dụng,Nội thất,
Hoa - cây cảnh,Hoa và cây cảnh,Nội thất,
Hoa - cây công trình,Hoa và cây cảnh,Nội thất,
Hoa - cây phong thủy,Hoa và cây cảnh,Nội thất,
Hoa - cây văn phòng,Hoa và cây cảnh,Nội thất,
Hoa - cây cảnh khác,Hoa và cây cảnh,Nội thất,
Nội thất khác,Nội thất khác,Nội thất,
Cây giống,Vật tư nông nghiệp,"Nông nghiệp, nông sản",
Con giống,Vật tư nông nghiệp,"Nông nghiệp, nông sản",
Hạt giống,Vật tư nông nghiệp,"Nông nghiệp, nông sản",
Thức ăn chăn nuôi,Vật tư nông nghiệp,"Nông nghiệp, nông sản",
Phân bón,Vật tư nông nghiệp,"Nông nghiệp, nông sản",
Phụ kiện trồng trọt,Vật tư nông nghiệp,"Nông nghiệp, nông sản",
Phụ kiện chăn nuôi,Vật tư nông nghiệp,"Nông nghiệp, nông sản",
Phụ kiện thủy canh,Vật tư nông nghiệp,"Nông nghiệp, nông sản",
Vật tư phụ kiện nông nghiệp khác,Vật tư nông nghiệp,"Nông nghiệp, nông sản",
Bình phun thuốc,"Máy Nông, Ngư, Cơ","Nông nghiệp, nông sản",
Máy bơm nước xăng nông nghiệp,"Máy Nông, Ngư, Cơ","Nông nghiệp, nông sản",
Máy băm cỏ,"Máy Nông, Ngư, Cơ","Nông nghiệp, nông sản",
Máy hỗ trợ trồng trọt,"Máy Nông, Ngư, Cơ","Nông nghiệp, nông sản",
Máy hỗ trợ thu hoạch,"Máy Nông, Ngư, Cơ","Nông nghiệp, nông sản",
"Máy cắt cỏ, bón phân","Máy Nông, Ngư, Cơ","Nông nghiệp, nông sản",
Máy lâm nghiệp,"Máy Nông, Ngư, Cơ","Nông nghiệp, nông sản",
Bảo quản chế biến,"Máy Nông, Ngư, Cơ","Nông nghiệp, nông sản",
"Máy xúc, máy ủi","Máy Nông, Ngư, Cơ","Nông nghiệp, nông sản",
Máy tách màu,"Máy Nông, Ngư, Cơ","Nông nghiệp, nông sản",
Thiết bị tưới tiêu,"Máy Nông, Ngư, Cơ","Nông nghiệp, nông sản",
Xe chuyên dụng,"Máy Nông, Ngư, Cơ","Nông nghiệp, nông sản",
Thiết bị - Phương tiện nông nghiệp khác,"Máy Nông, Ngư, Cơ","Nông nghiệp, nông sản",
Loa ô tô,Thiết bị số cho ô tô,Ô tô - Xe máy - Xe đạp,
Đầu DVD oto,Thiết bị số cho ô tô,Ô tô - Xe máy - Xe đạp,
Máy nghe nhạc oto,Thiết bị số cho ô tô,Ô tô - Xe máy - Xe đạp,
Màn hình oto,Thiết bị số cho ô tô,Ô tô - Xe máy - Xe đạp,
Thiết bị số cho ô tô khác,Thiết bị số cho ô tô,Ô tô - Xe máy - Xe đạp,
"Tủ lạnh mini, thùng giữ nhiệt",Phụ kiện bên trong oto,Ô tô - Xe máy - Xe đạp,
"Gối đầu, tựa lưng ô tô",Phụ kiện bên trong oto,Ô tô - Xe máy - Xe đạp,
Bao tay lái ô tô,Phụ kiện bên trong oto,Ô tô - Xe máy - Xe đạp,
Tấm lót sàn xe,Phụ kiện bên trong oto,Ô tô - Xe máy - Xe đạp,
Bao ghế ô tô,Phụ kiện bên trong oto,Ô tô - Xe máy - Xe đạp,
Thiết bị chống ngủ gật,Phụ kiện bên trong oto,Ô tô - Xe máy - Xe đạp,
"Đồng hộ đo giờ, nhiệt độ",Phụ kiện bên trong oto,Ô tô - Xe máy - Xe đạp,
Kẹp điện thoại trên oto,Phụ kiện bên trong oto,Ô tô - Xe máy - Xe đạp,
Máy hút bụi oto,Phụ kiện bên trong oto,Ô tô - Xe máy - Xe đạp,
Trang trí ô tô,Phụ kiện bên trong oto,Ô tô - Xe máy - Xe đạp,
Bình chữa cháy mini,Phụ kiện bên trong oto,Ô tô - Xe máy - Xe đạp,
Búa thoát hiểm,Phụ kiện bên trong oto,Ô tô - Xe máy - Xe đạp,
Máy lọc không khí ô tô,Phụ kiện bên trong oto,Ô tô - Xe máy - Xe đạp,
"Khử mùi, xịt thơm xe",Phụ kiện bên trong oto,Ô tô - Xe máy - Xe đạp,
Phụ kiện bên trong oto khác,Phụ kiện bên trong oto,Ô tô - Xe máy - Xe đạp,
Bạt phủ ô tô,"Phụ tùng, phụ kiện bên ngoài oto",Ô tô - Xe máy - Xe đạp,
Tấm chắn oto,"Phụ tùng, phụ kiện bên ngoài oto",Ô tô - Xe máy - Xe đạp,
"Đèn, phụ kiện ô tô","Phụ tùng, phụ kiện bên ngoài oto",Ô tô - Xe máy - Xe đạp,
Phụ tùng thay thế oto,"Phụ tùng, phụ kiện bên ngoài oto",Ô tô - Xe máy - Xe đạp,
Phụ kiện bên ngoài ô tô khác,"Phụ tùng, phụ kiện bên ngoài oto",Ô tô - Xe máy - Xe đạp,
Thiết bị định vị từ xa cho xe máy,"Thiết bị định vị, cảm biến",Ô tô - Xe máy - Xe đạp,
Thiết bị địnhh GPS,"Thiết bị định vị, cảm biến",Ô tô - Xe máy - Xe đạp,
Hộp đen oto,"Thiết bị định vị, cảm biến",Ô tô - Xe máy - Xe đạp,
Cảm biến lùi,"Thiết bị định vị, cảm biến",Ô tô - Xe máy - Xe đạp,
Cảm biến áp suất lốp,"Thiết bị định vị, cảm biến",Ô tô - Xe máy - Xe đạp,
"Thiết bị định vị , cảm biến khác","Thiết bị định vị, cảm biến",Ô tô - Xe máy - Xe đạp,
Xe côn tay,Xe máy,Ô tô - Xe máy - Xe đạp,
Xe số,Xe máy,Ô tô - Xe máy - Xe đạp,
Xe Ga,Xe máy,Ô tô - Xe máy - Xe đạp,
Mũ bảo hiểm,"Phụ kiện, phụ tùng xe máy",Ô tô - Xe máy - Xe đạp,
"Dầu nhớt, phụ gia xe máy","Phụ kiện, phụ tùng xe máy",Ô tô - Xe máy - Xe đạp,
"Lốp, xăm xe","Phụ kiện, phụ tùng xe máy",Ô tô - Xe máy - Xe đạp,
"Kính chiếu hậu, ốc kiểng","Phụ kiện, phụ tùng xe máy",Ô tô - Xe máy - Xe đạp,
"Tem, dàn áo xe máy","Phụ kiện, phụ tùng xe máy",Ô tô - Xe máy - Xe đạp,
Găng tay xe máy,"Phụ kiện, phụ tùng xe máy",Ô tô - Xe máy - Xe đạp,
"Bó gối bảo vệ, áo bảo hộ","Phụ kiện, phụ tùng xe máy",Ô tô - Xe máy - Xe đạp,
Phụ tùng xe máy thay thế,"Phụ kiện, phụ tùng xe máy",Ô tô - Xe máy - Xe đạp,
"Phụ kiện, phụ tùng xe máy khác","Phụ kiện, phụ tùng xe máy",Ô tô - Xe máy - Xe đạp,
Xe đạp địa hình,Xe đạp,Ô tô - Xe máy - Xe đạp,
"Xe đạp đua, thể thao",Xe đạp,Ô tô - Xe máy - Xe đạp,
Xe đạp thời trang,Xe đạp,Ô tô - Xe máy - Xe đạp,
Xe đạp gấp,Xe đạp,Ô tô - Xe máy - Xe đạp,
Xe đạp điện,Xe đạp,Ô tô - Xe máy - Xe đạp,
Xe đạp khác,Xe đạp,Ô tô - Xe máy - Xe đạp,
Phụ tùng thay thế xe đạp,"Phụ kiện, phụ tùng xe đạp",Ô tô - Xe máy - Xe đạp,"Bao gồm: xích, chân chống, pedan, tay nắm, dây quấn tay lái,..."
Ô tô - Xe máy - Xe đạp khác,Ô tô - Xe máy - Xe đạp khác,Ô tô - Xe máy - Xe đạp,
Đồng hồ thông minh,Đồng hồ thông minh,Phụ kiện công nghệ,
Vòng theo dõi vận động,Vòng theo dõi vận động,Phụ kiện công nghệ,
Thiết bị thực tế ảo,Thiết bị đeo công nghệ,Phụ kiện công nghệ,
Phụ kiện đồng hồ thông minh,Thiết bị đeo công nghệ,Phụ kiện công nghệ,
Thiết bị giám sát thông minh,Thiết bị đeo công nghệ,Phụ kiện công nghệ,
Phụ kiện theo dõi vận động,Thiết bị đeo công nghệ,Phụ kiện công nghệ,
Mắt kính thông minh,Thiết bị đeo công nghệ,Phụ kiện công nghệ,
Thiết bị đeo công nghệ khác,Thiết bị đeo công nghệ,Phụ kiện công nghệ,
USB,Thiết bị lưu trữ,Phụ kiện công nghệ,
Ổ cứng gắn ngoài,Thiết bị lưu trữ,Phụ kiện công nghệ,
Thẻ nhớ microSD,Thiết bị lưu trữ,Phụ kiện công nghệ,
Thẻ nhớ SD,Thiết bị lưu trữ,Phụ kiện công nghệ,
Thiết bị lưu trữ khác,Thiết bị lưu trữ,Phụ kiện công nghệ,
Bộ phát sóng wifi,Thiết bị mạng,Phụ kiện công nghệ,
Bộ khuếch đại wifi,Thiết bị mạng,Phụ kiện công nghệ,
Router,Thiết bị mạng,Phụ kiện công nghệ,
Thiết bị thu phát sóng di động,Thiết bị mạng,Phụ kiện công nghệ,
Bộ thu sóng wifi,Thiết bị mạng,Phụ kiện công nghệ,
Adapter mạng,Thiết bị mạng,Phụ kiện công nghệ,
Switch,Thiết bị mạng,Phụ kiện công nghệ,
Card mạng,Thiết bị mạng,Phụ kiện công nghệ,
Modems,Thiết bị mạng,Phụ kiện công nghệ,
Thiết bị phát Wifi Airport,Thiết bị mạng,Phụ kiện công nghệ,
Pin và sạc pin,Phụ kiện khác,Phụ kiện công nghệ,
Từ điển điện tử,Phụ kiện khác,Phụ kiện công nghệ,
Sách văn học,Sách,Sách & Quà lưu niệm,
Sách kinh tế,Sách,Sách & Quà lưu niệm,
"Sách tập tô, vẽ",Sách,Sách & Quà lưu niệm,
Sách thiếu nhi,Sách,Sách & Quà lưu niệm,
Sách kỹ năng sống,Sách,Sách & Quà lưu niệm,
Sách Bà mẹ - Em bé,Sách,Sách & Quà lưu niệm,
Sách Giáo Khoa - Giáo Trình,Sách,Sách & Quà lưu niệm,Bao gồm sách để sử dụng giảng dạy trong trường học
Sách Tham Khảo,Sách,Sách & Quà lưu niệm,"Loại sách bổ trợ việc học trên lớp ngoài sách giáo khoa, giáo trình"
Sách Học Ngoại Ngữ,Sách,Sách & Quà lưu niệm,
Từ Điển,Sách,Sách & Quà lưu niệm,
Sách Kiến Thức Tổng Hợp,Sách,Sách & Quà lưu niệm,
Sách Khoa Học - Kỹ Thuật,Sách,Sách & Quà lưu niệm,
Sách Lịch sử,Sách,Sách & Quà lưu niệm,
Điện Ảnh - Nhạc - Họa,Sách,Sách & Quà lưu niệm,
"Truyện Tranh, Manga, Comic",Sách,Sách & Quà lưu niệm,
Sách Tôn Giáo - Tâm Linh,Sách,Sách & Quà lưu niệm,
Sách Văn Hóa - Địa Lý - Du Lịch,Sách,Sách & Quà lưu niệm,
Sách Chính Trị - Pháp Lý,Sách,Sách & Quà lưu niệm,
Sách Nông - Lâm - Ngư Nghiệp,Sách,Sách & Quà lưu niệm,
Sách Công Nghệ Thông Tin,Sách,Sách & Quà lưu niệm,
Sách Y Học,Sách,Sách & Quà lưu niệm,
Tạp Chí - Catalogue,Sách,Sách & Quà lưu niệm,
Sách Tâm lý - Giới tính,Sách,Sách & Quà lưu niệm,
Sách thể loại khác,Sách,Sách & Quà lưu niệm,
Bookmark,Quà lưu niệm,Sách & Quà lưu niệm,
Thiệp - Bưu ảnh,Quà lưu niệm,Sách & Quà lưu niệm,
Quà tặng trang sức,Quà lưu niệm,Sách & Quà lưu niệm,
Album - Khung Hình,Quà lưu niệm,Sách & Quà lưu niệm,
Mô hình trang trí,Quà lưu niệm,Sách & Quà lưu niệm,
Sticker - Decal trang trí,Quà lưu niệm,Sách & Quà lưu niệm,
Ly - Cốc,Quà lưu niệm,Sách & Quà lưu niệm,
Hộp quà - Túi quà,Quà lưu niệm,Sách & Quà lưu niệm,
Tượng ,Quà lưu niệm,Sách & Quà lưu niệm,
Móc Khóa - Phụ Kiện Trang Trí,Quà lưu niệm,Sách & Quà lưu niệm,
Phụ kiện - Vật liệu trang trí,Quà lưu niệm,Sách & Quà lưu niệm,
Quà lưu niệm khác,Quà lưu niệm,Sách & Quà lưu niệm,
Trang điểm mặt,Trang điểm,Sức khỏe - Làm đẹp,
Trang điểm mắt,Trang điểm,Sức khỏe - Làm đẹp,
Trang điểm môi,Trang điểm,Sức khỏe - Làm đẹp,
Dụng cụ trang điểm,Trang điểm,Sức khỏe - Làm đẹp,
Dụng cụ tẩy trang,Trang điểm,Sức khỏe - Làm đẹp,
Chăm sóc móng,Trang điểm,Sức khỏe - Làm đẹp,
Bộ trang điểm,Trang điểm,Sức khỏe - Làm đẹp,
Trang điểm khác,Trang điểm,Sức khỏe - Làm đẹp,
Xịt khoáng,Chăm sóc da,Sức khỏe - Làm đẹp,
"Nước hoa hồng, toner",Chăm sóc da,Sức khỏe - Làm đẹp,
Làm sạch da mặt,Chăm sóc da,Sức khỏe - Làm đẹp,
Sản phẩm chống nắng và phục hồi,Chăm sóc da,Sức khỏe - Làm đẹp,
Sản phẩm trị mụn,Chăm sóc da,Sức khỏe - Làm đẹp,
Dưỡng ẩm,Chăm sóc da,Sức khỏe - Làm đẹp,
Dưỡng trắng,Chăm sóc da,Sức khỏe - Làm đẹp,
Chống lão hóa,Chăm sóc da,Sức khỏe - Làm đẹp,
Mặt nạ dưỡng da,Chăm sóc da,Sức khỏe - Làm đẹp,
Chăm sóc vùng da mắt,Chăm sóc da,Sức khỏe - Làm đẹp,
Trị rạn nứt da,Chăm sóc da,Sức khỏe - Làm đẹp,
Bộ chăm sóc da mặt,Chăm sóc da,Sức khỏe - Làm đẹp,
Sản phẩm chăm sóc da khác,Chăm sóc da,Sức khỏe - Làm đẹp,
"Sữa tắm, xà bông, muối tắm",Chăm sóc cơ thể,Sức khỏe - Làm đẹp,
Dưỡng Thể,Chăm sóc cơ thể,Sức khỏe - Làm đẹp,
Chăm sóc ngực,Chăm sóc cơ thể,Sức khỏe - Làm đẹp,
"Sản phẩm, dụng cụ tẩy lông",Chăm sóc cơ thể,Sức khỏe - Làm đẹp,
Sản phẩm khử mùi,Chăm sóc cơ thể,Sức khỏe - Làm đẹp,
"Sản phẩm dưỡng tay, chân",Chăm sóc cơ thể,Sức khỏe - Làm đẹp,
"Tẩy tế bào chết, massage",Chăm sóc cơ thể,Sức khỏe - Làm đẹp,
Massage toàn thân,Chăm sóc cơ thể,Sức khỏe - Làm đẹp,
Bộ chăm sóc toàn thân,Chăm sóc cơ thể,Sức khỏe - Làm đẹp,
Nước rửa tay,Chăm sóc cơ thể,Sức khỏe - Làm đẹp,
Sản phẩm chăm sóc cơ thể khác,Chăm sóc cơ thể,Sức khỏe - Làm đẹp,
"Dầu gội, dầu xả",Chăm sóc tóc và da đầu,Sức khỏe - Làm đẹp,
Thuốc nhuộm tóc,Chăm sóc tóc và da đầu,Sức khỏe - Làm đẹp,
"Dưỡng tóc, ủ tóc",Chăm sóc tóc và da đầu,Sức khỏe - Làm đẹp,
"Thuốc duỗi, uốn",Chăm sóc tóc và da đầu,Sức khỏe - Làm đẹp,
"Dụng cụ, sản phẩm tạo kiểu tóc",Chăm sóc tóc và da đầu,Sức khỏe - Làm đẹp,
"Lược, băng đô, lô quấn tóc",Chăm sóc tóc và da đầu,Sức khỏe - Làm đẹp,
Sản phẩm chăm sóc tóc khác,Chăm sóc tóc và da đầu,Sức khỏe - Làm đẹp,
Dụng cụ cạo râu,Chăm sóc cá nhân,Sức khỏe - Làm đẹp,
Bàn chải đánh răng,Chăm sóc cá nhân,Sức khỏe - Làm đẹp,
Kem - Thuốc đánh răng,Chăm sóc cá nhân,Sức khỏe - Làm đẹp,
Nước xúc miêng,Chăm sóc cá nhân,Sức khỏe - Làm đẹp,
Thiết bị chăm sóc răng,Chăm sóc cá nhân,Sức khỏe - Làm đẹp,
Dung dịch vệ sinh nam nữ,Chăm sóc cá nhân,Sức khỏe - Làm đẹp,
Băng keo cá nhân,Chăm sóc cá nhân,Sức khỏe - Làm đẹp,
Khăn giấy ướt,Chăm sóc cá nhân,Sức khỏe - Làm đẹp,
Băng vệ sinh,Chăm sóc cá nhân,Sức khỏe - Làm đẹp,
Sản phẩm chăm sóc cá nhân khác,Chăm sóc cá nhân,Sức khỏe - Làm đẹp,
Thực phẩm chức năng làm đẹp,Thực phẩm chức năng,Sức khỏe - Làm đẹp,
Thực phẩm chức năng sức khỏe,Thực phẩm chức năng,Sức khỏe - Làm đẹp,
Kiểm soát cân nặng,Thực phẩm chức năng,Sức khỏe - Làm đẹp,
Thực phẩm chức năng khác,Thực phẩm chức năng,Sức khỏe - Làm đẹp,
Bao cao su,Hỗ trợ tình dục,Sức khỏe - Làm đẹp,
Gel bôi trơn,Hỗ trợ tình dục,Sức khỏe - Làm đẹp,
Hỗ trợ tình dục khác,Hỗ trợ tình dục,Sức khỏe - Làm đẹp,
Máy massage làm đẹp,Thiết bị làm đẹp,Sức khỏe - Làm đẹp,
"Dụng cụ, thiết bị làm đẹp khác",Thiết bị làm đẹp,Sức khỏe - Làm đẹp,
Nước hoa nữ,Nước hoa,Sức khỏe - Làm đẹp,
Nước hoa nam,Nước hoa,Sức khỏe - Làm đẹp,
Đèn xông tinh dầu spa,Tinh dầu spa,Sức khỏe - Làm đẹp,
Sản phẩm tinh dầu,Tinh dầu spa,Sức khỏe - Làm đẹp,
Tinh dầu spa khác,Tinh dầu spa,Sức khỏe - Làm đẹp,
Bóng bàn,Các môn thể thao chơi vợt,Thể thao - Dã ngoại,Bao gồm phụ kiện trừ giày dép trang phục
Cầu lông,Các môn thể thao chơi vợt,Thể thao - Dã ngoại,Bao gồm phụ kiện trừ giày dép trang phục
Tennis,Các môn thể thao chơi vợt,Thể thao - Dã ngoại,Bao gồm phụ kiện trừ giày dép trang phục
Các môn chơi vợt khác,Các môn thể thao chơi vợt,Thể thao - Dã ngoại,
Bóng chày,Các môn thể thao đồng đội,Thể thao - Dã ngoại,Bao gồm phụ kiện trừ giày dép trang phục
Bóng rổ,Các môn thể thao đồng đội,Thể thao - Dã ngoại,Bao gồm phụ kiện trừ giày dép trang phục
Bóng đá,Các môn thể thao đồng đội,Thể thao - Dã ngoại,Bao gồm phụ kiện trừ giày dép trang phục
Bóng chuyền,Các môn thể thao đồng đội,Thể thao - Dã ngoại,Bao gồm phụ kiện trừ giày dép trang phục
Các môn thể thao đồng đội khác,Các môn thể thao đồng đội,Thể thao - Dã ngoại,
Boxing,Các môn thể thao đối kháng,Thể thao - Dã ngoại,Bao gồm phụ kiện trừ giày dép trang phục
Các môn võ,Các môn thể thao đối kháng,Thể thao - Dã ngoại,Bao gồm phụ kiện trừ giày dép trang phục
Các môn thể thao đối kháng khác,Các môn thể thao đối kháng,Thể thao - Dã ngoại,Bao gồm phụ kiện trừ giày dép trang phục
Bơi lội,Thể thao dưới nước,Thể thao - Dã ngoại,
Chèo thuyền,Thể thao dưới nước,Thể thao - Dã ngoại,
Lặn biển,Thể thao dưới nước,Thể thao - Dã ngoại,
Phụ kiện thể thao dưới nước khác,Thể thao dưới nước,Thể thao - Dã ngoại,
Trượt ván - patin,Các môn thể thao khác,Thể thao - Dã ngoại,Bao gồm phụ kiện trừ giày dép trang phục
"Bắn cung, bắn ná",Các môn thể thao khác,Thể thao - Dã ngoại,Bao gồm phụ kiện trừ giày dép trang phục
Golf,Các môn thể thao khác,Thể thao - Dã ngoại,Bao gồm phụ kiện trừ giày dép trang phục
Bida,Các môn thể thao khác,Thể thao - Dã ngoại,Bao gồm phụ kiện trừ giày dép trang phục
Yoga,Các môn thể thao khác,Thể thao - Dã ngoại,Bao gồm phụ kiện trừ giày dép trang phục
Các môn thể thao khác,Các môn thể thao khác,Thể thao - Dã ngoại,Bao gồm phụ kiện trừ giày dép trang phục
"Dụng cụ cổ động, cổ vũ",Phụ kiện thể thao,Thể thao - Dã ngoại,
Thiết bị điện tử thể thao,Phụ kiện thể thao,Thể thao - Dã ngoại,
Đai chạy bộ,Phụ kiện thể thao,Thể thao - Dã ngoại,
"Băng cổ tay, băng trán thể thao",Phụ kiện thể thao,Thể thao - Dã ngoại,
Găng tay tập gym,Phụ kiện thể thao,Thể thao - Dã ngoại,
Phụ kiện thể thao khác,Phụ kiện thể thao,Thể thao - Dã ngoại,
Máy chạy bộ,Dụng cụ - thiết bị tập thể thao,Thể thao - Dã ngoại,
Xe đạp tập,Dụng cụ - thiết bị tập thể thao,Thể thao - Dã ngoại,
Máy rung giảm cân,Dụng cụ - thiết bị tập thể thao,Thể thao - Dã ngoại,
Giàn tạ đa năng,Dụng cụ - thiết bị tập thể thao,Thể thao - Dã ngoại,
"Xà đơn, xà kép",Dụng cụ - thiết bị tập thể thao,Thể thao - Dã ngoại,
"Dụng cụ - Thiết bị tập bụng, eo",Dụng cụ - thiết bị tập thể thao,Thể thao - Dã ngoại,
Dây nhảy,Dụng cụ - thiết bị tập thể thao,Thể thao - Dã ngoại,
Tạ tập,Dụng cụ - thiết bị tập thể thao,Thể thao - Dã ngoại,
Dây đàn hồi tập gym,Dụng cụ - thiết bị tập thể thao,Thể thao - Dã ngoại,
Dụng cụ tập cơ tay,Dụng cụ - thiết bị tập thể thao,Thể thao - Dã ngoại,
Dụng cụ tập thể thao khác,Dụng cụ - thiết bị tập thể thao,Thể thao - Dã ngoại,
Giày bóng đá nam,Giày thể thao nam,Thể thao - Dã ngoại,
Giày chạy bộ nam,Giày thể thao nam,Thể thao - Dã ngoại,
Giày bóng chuyền nam,Giày thể thao nam,Thể thao - Dã ngoại,
Giày cầu lông nam,Giày thể thao nam,Thể thao - Dã ngoại,
Giày tennis nam,Giày thể thao nam,Thể thao - Dã ngoại,
Giày bóng rổ nam,Giày thể thao nam,Thể thao - Dã ngoại,
Giày bóng bàn nam,Giày thể thao nam,Thể thao - Dã ngoại,
Giày leo núi nam,Giày thể thao nam,Thể thao - Dã ngoại,
Giày đánh golf nam,Giày thể thao nam,Thể thao - Dã ngoại,
Giày thể thao nam khác,Giày thể thao nam,Thể thao - Dã ngoại,
Áo thể thao nam,Trang phục thể thao nam,Thể thao - Dã ngoại,
Quần thể thao nam,Trang phục thể thao nam,Thể thao - Dã ngoại,
Quần áo đá banh nam,Trang phục thể thao nam,Thể thao - Dã ngoại,
Quần áo cầu lông nam,Trang phục thể thao nam,Thể thao - Dã ngoại,
Quần áo golf nam,Trang phục thể thao nam,Thể thao - Dã ngoại,
Quần áo tennis nam,Trang phục thể thao nam,Thể thao - Dã ngoại,
Quần áo bóng chuyền nam,Trang phục thể thao nam,Thể thao - Dã ngoại,
Quần áo bóng rổ nam,Trang phục thể thao nam,Thể thao - Dã ngoại,
Trang phục thể thao nam khác,Trang phục thể thao nam,Thể thao - Dã ngoại,
Giày bóng đã nữ,Giày thể thao nữ,Thể thao - Dã ngoại,
Giày chạy bộ nữ,Giày thể thao nữ,Thể thao - Dã ngoại,
Giày cầu lông nữ,Giày thể thao nữ,Thể thao - Dã ngoại,
Giày tennis nữ,Giày thể thao nữ,Thể thao - Dã ngoại,
Giày bóng rổ nữ,Giày thể thao nữ,Thể thao - Dã ngoại,
Giày leo núi nữ,Giày thể thao nữ,Thể thao - Dã ngoại,
Giày bóng bàn nữ,Giày thể thao nữ,Thể thao - Dã ngoại,
Giày bóng chày nữ,Giày thể thao nữ,Thể thao - Dã ngoại,
Giày bóng chuyền nữ,Giày thể thao nữ,Thể thao - Dã ngoại,
Giày thể thao nữ khác,Giày thể thao nữ,Thể thao - Dã ngoại,
Áo thể thao nữ,Trang phục thể thao nữ,Thể thao - Dã ngoại,
Quần thể thao nữ,Trang phục thể thao nữ,Thể thao - Dã ngoại,
Quần áo golf nữ,Trang phục thể thao nữ,Thể thao - Dã ngoại,
Quần áo cầu lông nữ,Trang phục thể thao nữ,Thể thao - Dã ngoại,
Quần áo tennis nữ,Trang phục thể thao nữ,Thể thao - Dã ngoại,
Quần áo bóng chuyền nữ,Trang phục thể thao nữ,Thể thao - Dã ngoại,
Quần áo bóng rổ nữ,Trang phục thể thao nữ,Thể thao - Dã ngoại,
Quần áo thể thao nữ khác,Trang phục thể thao nữ,Thể thao - Dã ngoại,
Dụng cụ leo núi,Đồ dùng dã ngoại,Thể thao - Dã ngoại,
Dao xếp đa năng,Đồ dùng dã ngoại,Thể thao - Dã ngoại,
Kìm đa năng,Đồ dùng dã ngoại,Thể thao - Dã ngoại,
"Lều trại, mái che",Đồ dùng dã ngoại,Thể thao - Dã ngoại,
Túi ngủ,Đồ dùng dã ngoại,Thể thao - Dã ngoại,
Thảm dã ngoại,Đồ dùng dã ngoại,Thể thao - Dã ngoại,
Đèn pin đội đầu,Đồ dùng dã ngoại,Thể thao - Dã ngoại,
La bàn,Đồ dùng dã ngoại,Thể thao - Dã ngoại,
"Trang phục, phụ kiện chống thấm nước",Đồ dùng dã ngoại,Thể thao - Dã ngoại,
"Bàn, ghế xếp dã ngoại",Đồ dùng dã ngoại,Thể thao - Dã ngoại,
"Bếp, nồi dã ngoại",Đồ dùng dã ngoại,Thể thao - Dã ngoại,
Dụng cụ câu cá,Đồ dùng dã ngoại,Thể thao - Dã ngoại,
"Áo mưa, Ô, dù",Đồ dùng dã ngoại,Thể thao - Dã ngoại,
Đồ dùng dã ngoại khác,Đồ dùng dã ngoại,Thể thao - Dã ngoại,
Thực phẩm tăng cân,Thực phẩm bổ sung năng lượng,Thể thao - Dã ngoại,
Thực phẩm giảm cân,Thực phẩm bổ sung năng lượng,Thể thao - Dã ngoại,
Thực phẩm tăng cơ,Thực phẩm bổ sung năng lượng,Thể thao - Dã ngoại,
Thực phẩm tăng sức bền,Thực phẩm bổ sung năng lượng,Thể thao - Dã ngoại,
Bổ sung năng lượng khác,Thực phẩm bổ sung năng lượng,Thể thao - Dã ngoại,
Bổ sung vitamin và điện giải,Thực phẩm bổ sung năng lượng,Thể thao - Dã ngoại,
Loa vi tính,Loa,Thiết bị Âm thanh & Nhạc cụ,
Loa bluetooth,Loa,Thiết bị Âm thanh & Nhạc cụ,
Loa kéo,Loa,Thiết bị Âm thanh & Nhạc cụ,
Soundbar,Loa,Thiết bị Âm thanh & Nhạc cụ,
Loa công suất lớn,Loa,Thiết bị Âm thanh & Nhạc cụ,
Loa khác,Loa,Thiết bị Âm thanh & Nhạc cụ,
Tai nghe nhét tai,Tai nghe,Thiết bị Âm thanh & Nhạc cụ,
Tai nghe chụp tai,Tai nghe,Thiết bị Âm thanh & Nhạc cụ,
Tai nghe bluetooth,Tai nghe,Thiết bị Âm thanh & Nhạc cụ,
Tai nghe khác,Tai nghe,Thiết bị Âm thanh & Nhạc cụ,
Máy nghe nhạc,Thiết bị nghe,Thiết bị Âm thanh & Nhạc cụ,
Đĩa nhạc,Thiết bị nghe,Thiết bị Âm thanh & Nhạc cụ,
Đài radio,Thiết bị nghe,Thiết bị Âm thanh & Nhạc cụ,
Thiết bị nghe khác,Thiết bị nghe,Thiết bị Âm thanh & Nhạc cụ,
DAC,Thiết bị xử lý âm thanh,Thiết bị Âm thanh & Nhạc cụ,
Máy thu âm,Thiết bị xử lý âm thanh,Thiết bị Âm thanh & Nhạc cụ,
Micro,Thiết bị xử lý âm thanh,Thiết bị Âm thanh & Nhạc cụ,
Preamp & Channel Strip,Thiết bị xử lý âm thanh,Thiết bị Âm thanh & Nhạc cụ,
Kiểm âm studio,Thiết bị xử lý âm thanh,Thiết bị Âm thanh & Nhạc cụ,
Thiết bị Mastering,Thiết bị xử lý âm thanh,Thiết bị Âm thanh & Nhạc cụ,
Thiết bị EQ,Thiết bị xử lý âm thanh,Thiết bị Âm thanh & Nhạc cụ,
Mixer Studio,Thiết bị xử lý âm thanh,Thiết bị Âm thanh & Nhạc cụ,
Bàn console,Thiết bị xử lý âm thanh,Thiết bị Âm thanh & Nhạc cụ,
Thiết bị xử lý âm thanh khác,Thiết bị xử lý âm thanh,Thiết bị Âm thanh & Nhạc cụ,
Đầu karaoke,"Hệ thống giải trí, karaoke",Thiết bị Âm thanh & Nhạc cụ,
Amply,"Hệ thống giải trí, karaoke",Thiết bị Âm thanh & Nhạc cụ,
Mian Power,"Hệ thống giải trí, karaoke",Thiết bị Âm thanh & Nhạc cụ,
"Hệ thống giải trí, karaoke khác","Hệ thống giải trí, karaoke",Thiết bị Âm thanh & Nhạc cụ,
Đàn ekulele và phụ kiện,Nhạc cụ,Thiết bị Âm thanh & Nhạc cụ,
Đàn guitar & phụ kiện,Nhạc cụ,Thiết bị Âm thanh & Nhạc cụ,
Đàn organ & phụ kiện,Nhạc cụ,Thiết bị Âm thanh & Nhạc cụ,
Đàn piano & phụ kiện,Nhạc cụ,Thiết bị Âm thanh & Nhạc cụ,
Kèn & phụ kiện,Nhạc cụ,Thiết bị Âm thanh & Nhạc cụ,
Trống & phụ kiện,Nhạc cụ,Thiết bị Âm thanh & Nhạc cụ,
"Sáo, tiêu",Nhạc cụ,Thiết bị Âm thanh & Nhạc cụ,
Nhạc cụ khác,Nhạc cụ,Thiết bị Âm thanh & Nhạc cụ,
"Thiết bị âm thanh, nhạc cụ khác","Thiết bị âm thanh, nhạc cụ khác",Thiết bị Âm thanh & Nhạc cụ,
Máy đo đường huyết,Chăm sóc sức khỏe,Thiết bị y tế,
Cân sức khỏe,Chăm sóc sức khỏe,Thiết bị y tế,
Máy đo huyết áp,Chăm sóc sức khỏe,Thiết bị y tế,
Đai nẹp y tế,Chăm sóc sức khỏe,Thiết bị y tế,
"Dung dịch nhỏ mắt, mũi",Chăm sóc sức khỏe,Thiết bị y tế,
Dụng cụ sơ cứu y tế,Chăm sóc sức khỏe,Thiết bị y tế,
Nhiệt kế,Chăm sóc sức khỏe,Thiết bị y tế,
Bộ giác hơi,Chăm sóc sức khỏe,Thiết bị y tế,
"Khẩu trang, găng tay y tế",Chăm sóc sức khỏe,Thiết bị y tế,
"Dầu massage, dầu gió, dầu nóng",Chăm sóc sức khỏe,Thiết bị y tế,
Que thử,Chăm sóc sức khỏe,Thiết bị y tế,
Chăm sóc sức khỏe khác,Chăm sóc sức khỏe,Thiết bị y tế,
Máy massage cầm tay,Thiết bị massage,Thiết bị y tế,
Ghế massage,Thiết bị massage,Thiết bị y tế,
Gối massage,Thiết bị massage,Thiết bị y tế,
Đai massage,Thiết bị massage,Thiết bị y tế,
Bồn massage,Thiết bị massage,Thiết bị y tế,
"Giường, đệm massage",Thiết bị massage,Thiết bị y tế,
Thiết bị massage khác,Thiết bị massage,Thiết bị y tế,
Kính mắt thuốc,Vật tư y tế,Thiết bị y tế,"Bao gồm kính cận, viễn, loạn, ..."
Tủ thuốc,Vật tư y tế,Thiết bị y tế,
"Xe lăn, xe điện",Vật tư y tế,Thiết bị y tế,
"Giường bênh, đệm chống loét",Vật tư y tế,Thiết bị y tế,
Ghê bô vệ sinh,Vật tư y tế,Thiết bị y tế,
Vật tư y tế khác,Vật tư y tế,Thiết bị y tế,
Dụng cụ xét nghiệm,Dụng cụ chuyên khoa,Thiết bị y tế,
Dụng cụ khám và tiểu phẫu,Dụng cụ chuyên khoa,Thiết bị y tế,
Dụng cụ chống ngủ ngáy,Dụng cụ chuyên khoa,Thiết bị y tế,
"Dụng cụ nha khoa, nhãn khoa",Dụng cụ chuyên khoa,Thiết bị y tế,
Dụng cụ tai mũi họng,Dụng cụ chuyên khoa,Thiết bị y tế,
Dụng cụ chuyên khoa khác,Dụng cụ chuyên khoa,Thiết bị y tế,
Thiết bị phục hồi chức năng,Máy móc y tế,Thiết bị y tế,
Máy điều trị da,Máy móc y tế,Thiết bị y tế,
Máy xông mũi họng,Máy móc y tế,Thiết bị y tế,
Máy chuẩn đoán bệnh,Máy móc y tế,Thiết bị y tế,
Máy xét nghiệm,Máy móc y tế,Thiết bị y tế,
Máy trợ thính,Máy móc y tế,Thiết bị y tế,
Máy móc y tế khác,Máy móc y tế,Thiết bị y tế,
"Máy, kim châm cứu",Dụng cụ vật lý trị liệu,Thiết bị y tế,
"Khung, nạng, gậy tập đi",Dụng cụ vật lý trị liệu,Thiết bị y tế,
Túi chườm,Dụng cụ vật lý trị liệu,Thiết bị y tế,
Dụng cụ vật lý trị liệu khác,Dụng cụ vật lý trị liệu,Thiết bị y tế,
Thiết bị y tế khác,Thiết bị y tế khác,Thiết bị y tế,
Trang phục bé gái,Thời trang bé gái,Thời trang - Phụ kiện,Trẻ từ 1 tới 12 tuổi
Giày dép bé gái,Thời trang bé gái,Thời trang - Phụ kiện,Trẻ từ 1 tới 12 tuổi
Phụ kiện bé gái,Thời trang bé gái,Thời trang - Phụ kiện,Trẻ từ 1 tới 12 tuổi
Thời trang bé gái khác,Thời trang bé gái,Thời trang - Phụ kiện,Trẻ từ 1 tới 12 tuổi
Trang phục bé trai,Thời trang bé trai,Thời trang - Phụ kiện,Trẻ từ 1 tới 12 tuổi
Giày dép bé trai,Thời trang bé trai,Thời trang - Phụ kiện,Trẻ từ 1 tới 12 tuổi
Phụ kiện bé trai,Thời trang bé trai,Thời trang - Phụ kiện,Trẻ từ 1 tới 12 tuổi
Thời trang bé trai khác,Thời trang bé trai,Thời trang - Phụ kiện,Trẻ từ 1 tới 12 tuổi
Thời trang - phụ kiện cho bé không phân biệt giới tính,Thời trang - phụ kiện cho bé không phân biệt giới tính,Thời trang - Phụ kiện,Trẻ từ 1 tới 12 tuổi
Áo dài nữ,Thời trang nữ,Thời trang - Phụ kiện,áo dài truyền thống việt nam
Đầm nữ,Thời trang nữ,Thời trang - Phụ kiện,"Bao gồm đầm, váy"
Áo thun nữ,Thời trang nữ,Thời trang - Phụ kiện,"Bao gồm áo thun, polo, croptop"
Áo sơ mi nữ,Thời trang nữ,Thời trang - Phụ kiện,
Đồ vest nữ,Thời trang nữ,Thời trang - Phụ kiện,"Bao gồm áo vest, hoặc bộ, áo quần vest"
Áo nữ khác,Thời trang nữ,Thời trang - Phụ kiện,
"Jumpsuits, set đồ nữ",Thời trang nữ,Thời trang - Phụ kiện,"Set đồ cùng họa tiết mặc đi chơi: bộ vest, "
"Áo cardigan, áo len, áo hoodie nữ",Thời trang nữ,Thời trang - Phụ kiện,
Áo khoác nữ,Thời trang nữ,Thời trang - Phụ kiện,
Quần nữ khác,Thời trang nữ,Thời trang - Phụ kiện,
Quần jean nữ,Thời trang nữ,Thời trang - Phụ kiện,
Quần tây nữ,Thời trang nữ,Thời trang - Phụ kiện,
Quần kaki nữ,Thời trang nữ,Thời trang - Phụ kiện,
Quần shorts nữ,Thời trang nữ,Thời trang - Phụ kiện,
"Quần thun, jogger nữ",Thời trang nữ,Thời trang - Phụ kiện,
Quần legging nữ,Thời trang nữ,Thời trang - Phụ kiện,Bao gồm quần tất
Chân váy,Thời trang nữ,Thời trang - Phụ kiện,
Áo ngực,Thời trang nữ,Thời trang - Phụ kiện,
Quần lót nữ,Thời trang nữ,Thời trang - Phụ kiện,
Đồ ngủ nữ,Thời trang nữ,Thời trang - Phụ kiện,"Đồ mặc gợi cảm, không phải set mặc đi chơi"
Đồ bơi nữ,Thời trang nữ,Thời trang - Phụ kiện,"bikini, monokini"
Thời trang nữ khác,Thời trang nữ,Thời trang - Phụ kiện,
Giày sneakers nữ,Giày dép nữ,Thời trang - Phụ kiện,Giày đi lại hàng ngày thoải mái
"Giày, dép sandals nữ",Giày dép nữ,Thời trang - Phụ kiện,"hở mũi, thân giống với bitis sandal"
Giày cao gót,Giày dép nữ,Thời trang - Phụ kiện,gót cao và nhọn
Giày đế xuồng nữ,Giày dép nữ,Thời trang - Phụ kiện,"gót cao, không nhọn"
Giày boots nữ,Giày dép nữ,Thời trang - Phụ kiện,giầy ống cao
Giày búp bê,Giày dép nữ,Thời trang - Phụ kiện,giầy bệt giống giày giày múa bale
Giày Tây nữ,Giày dép nữ,Thời trang - Phụ kiện,
Dép nữ,Giày dép nữ,Thời trang - Phụ kiện,
Giày dép nữ khác,Giày dép nữ,Thời trang - Phụ kiện,
"Váy chống nắng, khẩu trang",Phụ kiện nữ,Thời trang - Phụ kiện,
Cài Áo,Phụ kiện nữ,Thời trang - Phụ kiện,Vật trang trí thường dùng với vest
"Mũ, Nón nữ",Phụ kiện nữ,Thời trang - Phụ kiện,"Thứ đội lên đầu để tránh nắng: Mũ lưỡi chai, nón rộng vành, nón lá"
"Khăn choàng, khăn tay nữ",Phụ kiện nữ,Thời trang - Phụ kiện,"Khăn quảng cổ, choàng đầu, khăn mùi xoa, khăn tay"
"Găng tay, bao tay nữ",Phụ kiện nữ,Thời trang - Phụ kiện,
Phụ kiện nữ khác,Phụ kiện nữ,Thời trang - Phụ kiện,
"Thắt lưng, dây nịt nữ",Phụ kiện nữ,Thời trang - Phụ kiện,
"Tất, vớ nữ",Phụ kiện nữ,Thời trang - Phụ kiện,
Phụ kiện nữ khác,Phụ kiện nữ,Thời trang - Phụ kiện,
Set đồ nam,Thời trang nam,Thời trang - Phụ kiện,
Áo thun nam,Thời trang nam,Thời trang - Phụ kiện,"Áo phông, áo polo"
Áo sơ mi nam,Thời trang nam,Thời trang - Phụ kiện,
Áo khoác nam,Thời trang nam,Thời trang - Phụ kiện,
"Áo len, áo cardigan, áo hoodie nam",Thời trang nam,Thời trang - Phụ kiện,
Áo dài nam,Thời trang nam,Thời trang - Phụ kiện,Áo dài truyền thống
Áo nam khác,Thời trang nam,Thời trang - Phụ kiện,
Quần nam khác,Thời trang nam,Thời trang - Phụ kiện,
Đồ vest nam,Thời trang nam,Thời trang - Phụ kiện,"Bao gồm áo vest, hoặc bộ áo, quần vest"
Quần jeans nam,Thời trang nam,Thời trang - Phụ kiện,
Quần tây nam,Thời trang nam,Thời trang - Phụ kiện,
Quần kaki nam,Thời trang nam,Thời trang - Phụ kiện,
"Quần thun, jogger nam",Thời trang nam,Thời trang - Phụ kiện,
Quần shorts nam,Thời trang nam,Thời trang - Phụ kiện,
"Đồ lót, đồ ngủ nam",Thời trang nam,Thời trang - Phụ kiện,
Đồ bơi nam,Thời trang nam,Thời trang - Phụ kiện,
Thời trang nam khác,Thời trang nam,Thời trang - Phụ kiện,
Giày sneakers nam,"Giày, dép nam",Thời trang - Phụ kiện,Giày đi lại hàng ngày thoải mái
Giày tây nam,"Giày, dép nam",Thời trang - Phụ kiện,
Giày boots nam,"Giày, dép nam",Thời trang - Phụ kiện,cao cổ
"Giày, dép sandals nam","Giày, dép nam",Thời trang - Phụ kiện,
Dép nam,"Giày, dép nam",Thời trang - Phụ kiện,"Dép tông, dép tổ ong, dép adidas,..."
Giày dép nam khác,"Giày, dép nam",Thời trang - Phụ kiện,
"Tất, vớ nam",Phụ kiện nam,Thời trang - Phụ kiện,
"Thắt lưng, dây nịt nam",Phụ kiện nam,Thời trang - Phụ kiện,
"Mũ, nón nam",Phụ kiện nam,Thời trang - Phụ kiện,
Găng tay nam,Phụ kiện nam,Thời trang - Phụ kiện,
Khăn choàng nam,Phụ kiện nam,Thời trang - Phụ kiện,
"Cà vạt, nơ",Phụ kiện nam,Thời trang - Phụ kiện,
Phụ kiện nam khác,Phụ kiện nam,Thời trang - Phụ kiện,
Thời trang - Phụ kiện Nam/nữ khác,Thời trang - Phụ kiện không phân biệt giới tính,Thời trang - Phụ kiện,
Set quần áo Nam/Nữ,Thời trang - Phụ kiện không phân biệt giới tính,Thời trang - Phụ kiện,
Áo Nam/Nữ,Thời trang - Phụ kiện không phân biệt giới tính,Thời trang - Phụ kiện,
Quần Nam/Nữ,Thời trang - Phụ kiện không phân biệt giới tính,Thời trang - Phụ kiện,
Giày dép Nam/Nữ,Thời trang - Phụ kiện không phân biệt giới tính,Thời trang - Phụ kiện,
Mũ nón Nam/Nữ,Thời trang - Phụ kiện không phân biệt giới tính,Thời trang - Phụ kiện,
Trang sức Nam/Nữ,Thời trang - Phụ kiện không phân biệt giới tính,Thời trang - Phụ kiện,
Balo dây rút,"Balo, túi, cặp  & phụ kiện",Thời trang - Phụ kiện,Hay sử dụng trong các hoạt động thể thao
Balo mini,"Balo, túi, cặp  & phụ kiện",Thời trang - Phụ kiện,"Kiểu của con gái, balo cỡ siêu nhỏ"
"Balo, cặp đựng laptop","Balo, túi, cặp  & phụ kiện",Thời trang - Phụ kiện,
Túi chống sốc,"Balo, túi, cặp  & phụ kiện",Thời trang - Phụ kiện,
"Balo du lịch, phượt","Balo, túi, cặp  & phụ kiện",Thời trang - Phụ kiện,"Loại to, để được nhiều đồ"
Ví passport,"Balo, túi, cặp  & phụ kiện",Thời trang - Phụ kiện,
"Túi trống, túi du lịch","Balo, túi, cặp  & phụ kiện",Thời trang - Phụ kiện,
"Phụ kiện balo, túi, cặp","Balo, túi, cặp  & phụ kiện",Thời trang - Phụ kiện,
"Balo, túi, cặp & phụ kiện khác","Balo, túi, cặp  & phụ kiện",Thời trang - Phụ kiện,
Túi xách công sở nam,"Cặp, túi, ví nam",Thời trang - Phụ kiện,
"Túi, cặp đeo chéo nam","Cặp, túi, ví nam",Thời trang - Phụ kiện,
Ví nam,"Cặp, túi, ví nam",Thời trang - Phụ kiện,
"Cặp, túi, ví nam khác","Cặp, túi, ví nam",Thời trang - Phụ kiện,
Túi tote nữ,"Cặp, túi, ví nữ",Thời trang - Phụ kiện,
"Túi đeo chéo, túi đeo vai nữ","Cặp, túi, ví nữ",Thời trang - Phụ kiện,
Túi xách tay nữ,"Cặp, túi, ví nữ",Thời trang - Phụ kiện,
Ví nữ,"Cặp, túi, ví nữ",Thời trang - Phụ kiện,
Phụ kiện túi,"Cặp, túi, ví nữ",Thời trang - Phụ kiện,
"Cặp, túi, ví nữ khác","Cặp, túi, ví nữ",Thời trang - Phụ kiện,
Vali,"Vali, phụ kiện vali",Thời trang - Phụ kiện,
Phụ kiện vali,"Vali, phụ kiện vali",Thời trang - Phụ kiện,
Đồng hồ nam,"Đồng hồ, mắt kính",Thời trang - Phụ kiện,
Đồng hồ nữ,"Đồng hồ, mắt kính",Thời trang - Phụ kiện,
Đồng hồ trẻ em,"Đồng hồ, mắt kính",Thời trang - Phụ kiện,
Phụ kiện đồng hồ,"Đồng hồ, mắt kính",Thời trang - Phụ kiện,
Đồng hồ khác,"Đồng hồ, mắt kính",Thời trang - Phụ kiện,
Mắt kính nữ,"Đồng hồ, mắt kính",Thời trang - Phụ kiện,
Mắt kính nam,"Đồng hồ, mắt kính",Thời trang - Phụ kiện,
Kính áp tròng,"Đồng hồ, mắt kính",Thời trang - Phụ kiện,
Mắt kính trẻ em,"Đồng hồ, mắt kính",Thời trang - Phụ kiện,
Phụ kiện kính,"Đồng hồ, mắt kính",Thời trang - Phụ kiện,
Mắt kính khác,"Đồng hồ, mắt kính",Thời trang - Phụ kiện,
Nhẫn nữ,Trang sức nữ,Thời trang - Phụ kiện,
"Vòng, lắc tay, lắc chân nữ",Trang sức nữ,Thời trang - Phụ kiện,
Bông tai nữ,Trang sức nữ,Thời trang - Phụ kiện,
"Dây chuyền, vòng cổ, mặt dây chuyền nữ",Trang sức nữ,Thời trang - Phụ kiện,
Bộ trang sức nữ,Trang sức nữ,Thời trang - Phụ kiện,
Trang sức nữ khác,Trang sức nữ,Thời trang - Phụ kiện,
Nhẫn nam,Trang sức nam,Thời trang - Phụ kiện,
"Vòng, lắc tay, lắc chân nam",Trang sức nam,Thời trang - Phụ kiện,
"Dây chuyền, vòng cổ vàng, mặt dây chuyền nam",Trang sức nam,Thời trang - Phụ kiện,
Bông tai nam,Trang sức nam,Thời trang - Phụ kiện,
Trang sức nam khác,Trang sức nam,Thời trang - Phụ kiện,
Nhẫn trẻ em,Trang sức trẻ em,Thời trang - Phụ kiện,
"Vòng, lắc tay, lắc chân trẻ em",Trang sức trẻ em,Thời trang - Phụ kiện,
Bông tai trẻ em,Trang sức trẻ em,Thời trang - Phụ kiện,
"Dây chuyền, vòng cổ, mặt dây chuyền trẻ em",Trang sức trẻ em,Thời trang - Phụ kiện,
Trang sức trẻ em khác,Trang sức trẻ em,Thời trang - Phụ kiện,
Thời trang - phụ kiện khác,Thời trang - phụ kiện khác,Thời trang - Phụ kiện,
Thực phẩm ăn liền,Thực phẩm khô,Thực phẩm - Đồ uống,
"Gạo, nếp",Thực phẩm khô,Thực phẩm - Đồ uống,
"Hạt, củ, quả khô",Thực phẩm khô,Thực phẩm - Đồ uống,
"Bột mì, bột ngô, bột năng",Thực phẩm khô,Thực phẩm - Đồ uống,
"Bánh tráng, bánh phở, bánh đa, bún khô",Thực phẩm khô,Thực phẩm - Đồ uống,
Thực phẩm khô khác,Thực phẩm khô,Thực phẩm - Đồ uống,
Sữa bột,Sữa - Sản phẩm từ sữa,Thực phẩm - Đồ uống,sữa bột cho trẻ trên 6 tuổi và người lớn
Sữa nước,Sữa - Sản phẩm từ sữa,Thực phẩm - Đồ uống,sữa nước: bao gồm cả sữa chua uống lên men cho trẻ trên 6 tuổi và người lớn
Sữa chua,Sữa - Sản phẩm từ sữa,Thực phẩm - Đồ uống,sữa chua dạng sệt giống Vinamilk
Sữa đặc,Sữa - Sản phẩm từ sữa,Thực phẩm - Đồ uống,
Kem tươi,Sữa - Sản phẩm từ sữa,Thực phẩm - Đồ uống,
"Kem đóng gói, hộp",Sữa - Sản phẩm từ sữa,Thực phẩm - Đồ uống,
"Phô mai, bơ",Sữa - Sản phẩm từ sữa,Thực phẩm - Đồ uống,
Sản phẩm từ sữa khác,Sữa - Sản phẩm từ sữa,Thực phẩm - Đồ uống,
Đồ uống có gas,Đồ uống - Giải khát,Thực phẩm - Đồ uống,
Đồ uống không có gas,Đồ uống - Giải khát,Thực phẩm - Đồ uống,
Trà,Đồ uống - Pha chế,Thực phẩm - Đồ uống,
Cà phê,Đồ uống - Pha chế,Thực phẩm - Đồ uống,
"Ngũ cốc, bột pha chế",Đồ uống - Pha chế,Thực phẩm - Đồ uống,
Siro pha chế,Đồ uống - Pha chế,Thực phẩm - Đồ uống,
Đồ uống pha chế khác,Đồ uống - Pha chế,Thực phẩm - Đồ uống,
Bia,Đồ uống có cồn,Thực phẩm - Đồ uống,
Rượu vang,Đồ uống có cồn,Thực phẩm - Đồ uống,
Rượu mạnh,Đồ uống có cồn,Thực phẩm - Đồ uống,
Đồ uống có cồn khác,Đồ uống có cồn,Thực phẩm - Đồ uống,
Gia vị dạng bột,Gia vị,Thực phẩm - Đồ uống,
Gia vị dạng nước,Gia vị,Thực phẩm - Đồ uống,
Dầu ăn,Gia vị,Thực phẩm - Đồ uống,
Gia vị khác,Gia vị,Thực phẩm - Đồ uống,
Thịt gia cầm,Thực phẩm tươi,Thực phẩm - Đồ uống,
Thịt gia súc,Thực phẩm tươi,Thực phẩm - Đồ uống,
Thịt loại khác,Thực phẩm tươi,Thực phẩm - Đồ uống,
Thủy - Hải sản,Thực phẩm tươi,Thực phẩm - Đồ uống,
"Rau ăn củ, quả",Thực phẩm tươi,Thực phẩm - Đồ uống,
Rau ăn thân,Thực phẩm tươi,Thực phẩm - Đồ uống,
Rau ăn lá,Thực phẩm tươi,Thực phẩm - Đồ uống,
Rau gia vị,Thực phẩm tươi,Thực phẩm - Đồ uống,
Trái cây tươi,Thực phẩm tươi,Thực phẩm - Đồ uống,
Nấm các loại,Thực phẩm tươi,Thực phẩm - Đồ uống,
Thực phẩm tươi khác,Thực phẩm tươi,Thực phẩm - Đồ uống,
Thịt đông lạnh,Thực phẩm đã qua chế biến,Thực phẩm - Đồ uống,
Thịt xông khói,Thực phẩm đã qua chế biến,Thực phẩm - Đồ uống,
Thủy - Hải sản khô,Thực phẩm đã qua chế biến,Thực phẩm - Đồ uống,
Thủy - Hải sản đông lạnh,Thực phẩm đã qua chế biến,Thực phẩm - Đồ uống,
Thực phẩm đã qua chế biến khác,Thực phẩm đã qua chế biến,Thực phẩm - Đồ uống,
Bánh,Bánh kẹo,Thực phẩm - Đồ uống,
Kẹo,Bánh kẹo,Thực phẩm - Đồ uống,
Socola,Bánh kẹo,Thực phẩm - Đồ uống,
Thạch rau câu,Bánh kẹo,Thực phẩm - Đồ uống,
Snack,Bánh kẹo,Thực phẩm - Đồ uống,
Bánh kẹo khác,Bánh kẹo,Thực phẩm - Đồ uống,
Thực phẩm bổ dưỡng,Thực phẩm bảo vệ sức khỏe,Thực phẩm - Đồ uống,
Thực phẩm chay,Thực phẩm bảo vệ sức khỏe,Thực phẩm - Đồ uống,
Thực phẩm bảo vệ sức khỏe khác,Thực phẩm bảo vệ sức khỏe,Thực phẩm - Đồ uống,
Cá hộp,Đồ hộp,Thực phẩm - Đồ uống,
Thịt hộp,Đồ hộp,Thực phẩm - Đồ uống,
"Rau củ, trái cây đóng hộp",Đồ hộp,Thực phẩm - Đồ uống,
Đồ hộp khác,Đồ hộp,Thực phẩm - Đồ uống,
Thuốc lá,Thuốc lá,Thực phẩm - Đồ uống,
Thuốc lá điện tử,Thuốc lá,Thực phẩm - Đồ uống,
Phụ kiện thuốc lá điện tử,Thuốc lá,Thực phẩm - Đồ uống,
"Bật lửa, diêm",Thuốc lá,Thực phẩm - Đồ uống,
Thực phẩm - Đồ uống khác,Thực phẩm - Đồ uống khác,Thực phẩm - Đồ uống,
Ống tiêu hóa/chuyển hóa,Ống tiêu hóa/chuyển hóa,Thuốc,
Máu và các cơ quan tạo máu,Máu và các cơ quan tạo máu,Thuốc,
Hệ tim mạch,Hệ tim mạch,Thuốc,
Da,Da,Thuốc,
Hệ niệu sinh dục,Hệ niệu sinh dục,Thuốc,
Hệ nội tiết,Hệ nội tiết,Thuốc,
"Nhiễm trùng, nhiễm kí sinh","Nhiễm trùng, nhiễm kí sinh",Thuốc,
Bệnh ác tính,Bệnh ác tính,Thuốc,
Bệnh miễn dịch,Bệnh miễn dịch,Thuốc,
"Cơ, xương, khớp","Cơ, xương, khớp",Thuốc,
Não và hệ thần kinh,Não và hệ thần kinh,Thuốc,
Hệ hô hấp,Hệ hô hấp,Thuốc,
Giác quan,Giác quan,Thuốc,
Thuốc khác,Khác,Thuốc,
Tivi,Tivi,TV - thiết bị giải trí,
Cab,Phụ kiện TV,TV - thiết bị giải trí,
Đầu thu,Phụ kiện TV,TV - thiết bị giải trí,
Điều khiển,Phụ kiện TV,TV - thiết bị giải trí,
anten,Phụ kiện TV,TV - thiết bị giải trí,
Kê/Giá treo,Phụ kiện TV,TV - thiết bị giải trí,
Adapter,Phụ kiện TV,TV - thiết bị giải trí,
Kính 3D,Phụ kiện TV,TV - thiết bị giải trí,
Phụ kiện TV khác,Phụ kiện TV,TV - thiết bị giải trí,
Tay cầm game,Thiết bị chơi game,TV - thiết bị giải trí,
Bàn di chuột game,Thiết bị chơi game,TV - thiết bị giải trí,
Máy chơi game,Thiết bị chơi game,TV - thiết bị giải trí,
Phụ kiện máy chơi game,Thiết bị chơi game,TV - thiết bị giải trí,
"Pin, sạc máy game",Thiết bị chơi game,TV - thiết bị giải trí,
Đĩa game,Thiết bị chơi game,TV - thiết bị giải trí,
Thiết bị chơi game khác,Thiết bị chơi game,TV - thiết bị giải trí,
File Hồ Sơ - Bìa Hồ Sơ,Dụng Cụ Văn Phòng,Văn phòng phẩm,
Bút Viết Văn Phòng,Dụng Cụ Văn Phòng,Văn phòng phẩm,
Đồ Bấm - Kim Kẹp,Dụng Cụ Văn Phòng,Văn phòng phẩm,
Kẹp Bướm - Dây Đeo,Dụng Cụ Văn Phòng,Văn phòng phẩm,
Băng Keo - Keo Hồ - Cắt Keo,Dụng Cụ Văn Phòng,Văn phòng phẩm,
Kéo - Dao Rọc Giấy,Dụng Cụ Văn Phòng,Văn phòng phẩm,
Kệ Đựng Hồ Sơ,Dụng Cụ Văn Phòng,Văn phòng phẩm,
Cắm Viết Các Loại,Dụng Cụ Văn Phòng,Văn phòng phẩm,
Bảng Viết,Dụng Cụ Văn Phòng,Văn phòng phẩm,
Mực Các Loại,Dụng Cụ Văn Phòng,Văn phòng phẩm,
Máy Hủy Giấy,Dụng Cụ Văn Phòng,Văn phòng phẩm,
Phấn - Bảng viết - Lau bảng,Dụng Cụ Văn Phòng,Văn phòng phẩm,
Dụng cụ văn phòng khác,Dụng Cụ Văn Phòng,Văn phòng phẩm,
Bao Tập - Bao Sách,Dụng Cụ Học Sinh,Văn phòng phẩm,
Bóp Viết - Hộp Bút,Dụng Cụ Học Sinh,Văn phòng phẩm,
Bảng Viết,Dụng Cụ Học Sinh,Văn phòng phẩm,
Tập Học Sinh,Dụng Cụ Học Sinh,Văn phòng phẩm,
Vỉ - Bộ Dụng Cụ Học Sinh,Dụng Cụ Học Sinh,Văn phòng phẩm,
Gọt bút chì - Gôm Tẩy,Dụng Cụ Học Sinh,Văn phòng phẩm,
Compa,Dụng Cụ Học Sinh,Văn phòng phẩm,
Thước kẻ,Dụng Cụ Học Sinh,Văn phòng phẩm,
Sáp nặn,Dụng Cụ Học Sinh,Văn phòng phẩm,
Dụng cụ học sinh khác,Dụng Cụ Học Sinh,Văn phòng phẩm,
Bút mực - Bút máy,Bút - Viết,Văn phòng phẩm,
Bút bi - Ruột bút bi,Bút - Viết,Văn phòng phẩm,
Bút chì - Ruột bút chì,Bút - Viết,Văn phòng phẩm,
Bút cao cấp,Bút - Viết,Văn phòng phẩm,
Bút lông kim,Bút - Viết,Văn phòng phẩm,
Bút lông màu,Bút - Viết,Văn phòng phẩm,
Bút lông bảng,Bút - Viết,Văn phòng phẩm,
Bút dạ quang,Bút - Viết,Văn phòng phẩm,
Bút sơn,Bút - Viết,Văn phòng phẩm,
Bút màu sáp,Bút - Viết,Văn phòng phẩm,
Cọ vẽ - màu nước,Bút - Viết,Văn phòng phẩm,
Bút chuyên dụng,Bút - Viết,Văn phòng phẩm,
Bút gel - Bút nước,Bút - Viết,Văn phòng phẩm,
Bút xóa - Xóa kéo,Bút - Viết,Văn phòng phẩm,
Bút vẽ kỹ thuật,Bút - Viết,Văn phòng phẩm,
Bút các loại khác,Bút - Viết,Văn phòng phẩm,
Sổ tay học sinh,Sổ tay - Tập vở,Văn phòng phẩm,
Sổ tay cao cấp,Sổ tay - Tập vở,Văn phòng phẩm,
Sổ agenda,Sổ tay - Tập vở,Văn phòng phẩm,
Sổ lưu bút,Sổ tay - Tập vở,Văn phòng phẩm,
Sổ tay bỏ túi,Sổ tay - Tập vở,Văn phòng phẩm,
Sổ vẽ - Giấy vẽ,Sổ tay - Tập vở,Văn phòng phẩm,
Tập vở 4 ô ly,Sổ tay - Tập vở,Văn phòng phẩm,
Tập vở 5 ô ly,Sổ tay - Tập vở,Văn phòng phẩm,
Tập vở kẻ ngang,Sổ tay - Tập vở,Văn phòng phẩm,
Sổ tay - Tập vở khác,Sổ tay - Tập vở,Văn phòng phẩm,
Bản Đồ,Văn Hóa Phẩm,Văn phòng phẩm,
Bao lì xì,Văn Hóa Phẩm,Văn phòng phẩm,
Văn hóa phẩm khác,Văn Hóa Phẩm,Văn phòng phẩm,
Thiết bị các loại,Thiết Bị Giáo Dục Trường Học,Văn phòng phẩm,
Cọ Vẽ - Màu Nước,Bút Chì Màu - Bút Lông Màu - Sáp Màu,Văn phòng phẩm,
Chì Màu - Sáp Màu,Bút Chì Màu - Bút Lông Màu - Sáp Màu,Văn phòng phẩm,
Bút Lông Màu,Bút Chì Màu - Bút Lông Màu - Sáp Màu,Văn phòng phẩm,
Máy tính để bàn,Máy tính cầm tay,Văn phòng phẩm,
Máy tính bỏ túi,Máy tính cầm tay,Văn phòng phẩm,
Máy Tính Khoa Học,Máy tính cầm tay,Văn phòng phẩm,
Máy tính cầm tay khác,Máy tính cầm tay,Văn phòng phẩm,
Giấy Notes,Sản phẩm giấy,Văn phòng phẩm,
Giấy thủ công,Sản phẩm giấy,Văn phòng phẩm,
Giấy in - Fax - Photo,Sản phẩm giấy,Văn phòng phẩm,
Các loại giấy khác,Sản phẩm giấy,Văn phòng phẩm,
Giấy bìa - Decal,Sản phẩm giấy,Văn phòng phẩm,
Sản phẩm giấy khác,Sản phẩm giấy,Văn phòng phẩm,
Lịch Block,Lịch,Văn phòng phẩm,
Lịch Bàn,Lịch,Văn phòng phẩm,
Lịch Tờ - Lịch Lò Xo,Lịch,Văn phòng phẩm,
KHÔNG THỂ PHÂN LOẠI,KHÔNG THỂ PHÂN LOẠI,KHÔNG THỂ PHÂN LOẠI,